Data,PETR4- State,PETR4- Var%,BOVA11- State,BOVA11- Var%,ITUB4- State,ITUB4- Var%,VALE3- State,VALE3- Var%,BBAS3- State,BBAS3- Var%
31/01/17,0,1.19%,0,1.39%,0,0.00%,0,-0.22%,0,1.95%
01/02/17,0,0.00%,0,1.01%,0,1.08%,0,2.21%,0,0.50%
02/02/17,0,-0.90%,0,0.39%,0,-0.28%,0,-0.70%,0,-0.95%
03/02/17,0,3.08%,0,-1.05%,0,2.05%,0,-6.28%,0,-0.25%
06/02/17,0,-2.51%,0,1.73%,0,-0.73%,1,-2.25%,0,-2.49%
07/02/17,0,-1.74%,0,3.90%,0,1.98%,0,1.07%,0,0.91%
08/02/17,0,2.77%,0,2.71%,0,2.57%,0,1.16%,0,1.05%
09/02/17,0,-0.35%,0,-0.10%,0,0.44%,0,1.60%,0,-0.32%
10/02/17,0,3.53%,1,-1.59%,0,0.35%,0,5.53%,0,1.83%
13/02/17,0,0.27%,0,-2.05%,0,-0.48%,0,9.18%,0,0.64%
14/02/17,0,1.27%,0,0.52%,0,0.31%,-1,-3.94%,0,0.35%
15/02/17,0,0.13%,0,2.38%,0,4.23%,0,-1.69%,0,1.19%
16/02/17,0,0.13%,0,-0.70%,-1,-1.97%,0,-0.15%,0,3.25%
17/02/17,0,-1.58%,0,-0.56%,0,-0.04%,0,0.89%,0,0.07%
20/02/17,0,1.94%,0,2.13%,0,0.47%,0,-1.61%,0,1.60%
21/02/17,0,1.11%,0,2.17%,0,1.45%,0,-2.45%,0,1.68%
22/02/17,0,-2.46%,0,-1.77%,0,0.29%,0,-2.39%,0,0.26%
23/02/17,0,-0.86%,0,-0.86%,0,-1.51%,0,-4.39%,0,-2.16%
24/02/17,0,-2.48%,0,0.15%,0,-0.81%,0,-1.34%,0,-0.76%
01/03/17,0,2.27%,0,2.87%,0,-0.17%,0,1.36%,0,1.50%
02/03/17,0,-2.62%,0,-0.07%,0,-1.03%,0,-5.14%,0,-0.92%
03/03/17,0,1.38%,0,-0.70%,0,1.86%,0,1.14%,0,4.86%
06/03/17,0,-1.43%,0,-0.19%,0,-0.43%,0,-2.25%,-1,0.79%
07/03/17,0,0.48%,0,1.07%,0,-1.67%,0,-0.59%,0,-1.22%
08/03/17,0,-4.12%,0,0.64%,0,-1.13%,0,-2.60%,0,-2.34%
09/03/17,1,-0.36%,0,0.36%,0,0.31%,0,0.22%,0,-1.04%
10/03/17,0,-1.29%,0,-0.87%,0,0.04%,0,-1.76%,0,0.39%
13/03/17,0,0.44%,0,0.34%,0,1.79%,0,4.58%,0,1.04%
14/03/17,0,-5.44%,0,3.93%,0,-0.95%,0,0.53%,0,-0.19%
15/03/17,1,4.45%,0,-2.91%,0,0.95%,0,6.90%,0,0.84%
16/03/17,-1,-3.45%,0,0.44%,0,-1.29%,-1,-2.38%,0,-1.35%
17/03/17,0,-4.03%,0,3.68%,0,-2.87%,0,-3.78%,0,-2.73%
20/03/17,0,3.41%,1,0.27%,1,1.12%,0,1.04%,0,-0.17%
21/03/17,0,-4.44%,0,0.11%,0,-2.17%,0,-8.18%,0,-2.41%
22/03/17,0,5.05%,0,-0.39%,0,0.82%,1,1.24%,0,3.40%
23/03/17,0,-0.61%,0,0.70%,0,-0.54%,0,-0.52%,0,0.00%
24/03/17,0,-0.69%,0,1.40%,0,1.08%,0,-0.85%,0,0.46%
27/03/17,0,2.17%,0,1.73%,0,0.72%,0,1.35%,0,0.33%
28/03/17,0,1.29%,0,-1.20%,0,-0.31%,0,1.44%,0,-0.66%
29/03/17,0,3.59%,0,0.48%,0,1.47%,0,1.02%,0,3.65%
30/03/17,0,0.00%,0,-0.12%,0,-1.19%,0,-0.04%,0,-0.67%
31/03/17,0,0.29%,0,-0.73%,0,-1.64%,0,-1.05%,0,-0.87%
03/04/17,0,1.22%,0,-3.92%,0,1.67%,0,-0.95%,0,0.29%
04/04/17,0,1.28%,0,-0.93%,0,0.49%,0,3.87%,0,0.39%
05/04/17,0,-1.89%,0,-1.49%,0,-1.81%,0,-3.90%,0,-1.71%
06/04/17,0,-0.29%,0,0.56%,0,-0.81%,0,-1.85%,0,-2.33%
07/04/17,0,1.15%,0,-0.12%,0,0.77%,0,0.83%,0,-0.44%
10/04/17,0,1.63%,0,1.81%,0,-0.18%,0,-0.41%,0,0.88%
11/04/17,0,-1.74%,0,0.26%,0,-0.18%,0,-1.27%,0,0.10%
12/04/17,0,-0.21%,0,1.14%,0,-0.14%,0,-4.32%,0,-1.64%
13/04/17,0,-3.84%,0,1.60%,0,-1.81%,0,0.00%,0,-5.20%
17/04/17,0,1.41%,0,0.75%,0,4.47%,0,0.04%,1,4.62%
18/04/17,0,-1.24%,0,-0.72%,-1,-0.35%,0,-3.01%,-1,0.96%
19/04/17,0,-3.55%,0,2.22%,0,-0.89%,0,0.25%,0,-3.63%
20/04/17,0,2.07%,0,-0.09%,0,-1.47%,0,5.18%,0,0.77%
24/04/17,0,1.05%,0,-0.86%,0,1.95%,-1,1.12%,0,2.90%
25/04/17,0,2.23%,0,-0.89%,0,0.62%,0,3.30%,0,0.61%
26/04/17,0,-2.40%,0,3.26%,0,0.22%,0,-2.19%,0,-1.21%
27/04/17,0,-1.94%,0,1.92%,0,0.53%,0,-3.26%,0,1.40%
28/04/17,0,1.75%,0,0.59%,0,0.66%,0,2.39%,0,0.91%
02/05/17,0,0.15%,0,0.04%,0,2.05%,0,2.14%,0,3.14%
03/05/17,0,1.19%,0,0.14%,0,-1.62%,0,-6.18%,0,-0.32%
04/05/17,0,-3.90%,0,0.18%,0,-3.30%,1,-3.72%,0,-4.19%
05/05/17,0,4.44%,0,0.00%,0,1.57%,0,2.78%,0,2.31%
08/05/17,0,-0.88%,1,0.93%,0,0.22%,0,-0.08%,0,-2.49%
09/05/17,0,0.44%,0,0.57%,0,0.26%,0,1.82%,0,0.37%
10/05/17,0,4.13%,0,0.71%,0,0.48%,0,0.20%,0,2.91%
11/05/17,0,0.64%,0,0.72%,0,1.75%,0,-0.87%,0,3.13%
12/05/17,0,4.22%,0,1.33%,0,0.95%,0,-1.56%,0,2.90%
15/05/17,0,1.48%,0,1.01%,0,0.43%,0,2.84%,0,-1.80%
16/05/17,0,0.13%,0,-0.43%,0,-0.13%,0,2.29%,0,0.00%
17/05/17,0,-0.53%,0,1.88%,0,-2.04%,0,-1.54%,0,-2.71%
18/05/17,0,-15.75%,0,-2.03%,0,-12.06%,0,0.08%,0,-19.89%
19/05/17,1,3.57%,0,-0.29%,1,2.61%,0,1.45%,1,3.32%
22/05/17,0,-1.61%,0,-1.44%,0,-1.97%,0,2.47%,0,-4.66%
23/05/17,0,0.62%,0,1.65%,0,1.57%,0,1.21%,0,2.34%
24/05/17,0,3.32%,0,0.34%,0,0.82%,0,-2.61%,0,1.77%
25/05/17,0,-1.42%,0,1.05%,0,-1.87%,0,0.65%,0,0.43%
26/05/17,0,-0.46%,0,0.10%,0,2.68%,0,0.57%,0,4.13%
29/05/17,0,-0.76%,0,1.42%,0,-0.48%,0,0.72%,0,-0.68%
30/05/17,0,-1.54%,0,1.71%,0,0.29%,0,1.91%,0,1.18%
31/05/17,0,-3.04%,0,0.40%,0,-1.05%,0,-5.00%,0,-2.29%
01/06/17,0,-1.05%,0,-1.61%,0,-1.15%,1,-1.82%,0,-1.04%
02/06/17,0,1.79%,0,0.47%,0,1.02%,0,0.39%,0,0.12%
05/06/17,0,0.96%,0,-1.92%,0,-0.14%,0,-1.06%,0,-2.02%
06/06/17,0,0.00%,0,1.53%,0,1.64%,0,0.32%,0,2.89%
07/06/17,0,-2.29%,0,-0.19%,0,1.61%,0,-0.47%,0,1.19%
08/06/17,0,-0.24%,0,-0.51%,0,-1.03%,0,2.15%,0,-1.52%
09/06/17,0,0.08%,0,0.99%,0,-1.56%,0,1.05%,0,-1.62%
12/06/17,0,0.41%,0,0.35%,0,0.00%,0,-1.69%,0,-2.36%
13/06/17,0,0.24%,0,1.23%,0,1.20%,0,-1.76%,0,1.09%
14/06/17,0,-2.42%,0,-1.46%,0,0.90%,0,-1.00%,0,-0.04%
16/06/17,0,-2.73%,0,1.05%,0,-0.70%,0,-2.10%,0,0.36%
19/06/17,0,0.08%,0,0.50%,0,0.52%,0,3.25%,0,-1.31%
20/06/17,0,-3.48%,0,0.58%,0,-2.21%,0,-2.55%,0,-4.14%
21/06/17,0,-1.85%,0,-2.51%,0,0.14%,0,2.94%,1,-0.54%
22/06/17,0,3.40%,0,-0.24%,0,0.05%,0,2.07%,0,0.55%
23/06/17,-1,-0.87%,0,0.50%,0,-0.34%,0,0.82%,0,-2.01%
26/06/17,0,2.79%,0,-0.06%,0,2.84%,0,0.85%,0,5.86%
27/06/17,0,-0.51%,0,-4.18%,-1,-0.89%,0,1.65%,-1,-3.23%
28/06/17,0,-1.02%,0,-1.82%,0,-0.05%,0,3.09%,0,1.13%
29/06/17,0,0.78%,0,1.19%,0,0.99%,0,0.40%,0,0.62%
30/06/17,0,1.63%,0,0.74%,0,0.66%,0,0.33%,0,0.90%
03/07/17,0,-0.08%,0,1.60%,0,0.93%,0,2.25%,0,1.38%
04/07/17,0,0.51%,0,0.58%,0,-0.37%,0,-0.11%,0,0.52%
05/07/17,0,-1.76%,0,0.17%,0,0.23%,0,-2.31%,0,-0.52%
06/07/17,0,-0.26%,0,-2.31%,0,-1.39%,0,-0.04%,0,-0.64%
07/07/17,0,-1.97%,0,-1.24%,0,-0.98%,0,-0.11%,0,-1.33%
10/07/17,0,0.35%,0,0.82%,0,0.80%,0,2.84%,0,1.02%
11/07/17,0,2.96%,0,-0.16%,0,1.55%,0,1.10%,0,4.21%
12/07/17,0,4.90%,0,-0.33%,0,1.06%,0,-0.46%,0,2.84%
13/07/17,-1,-0.48%,0,0.27%,0,0.27%,0,-2.39%,0,0.91%
14/07/17,0,1.38%,0,-2.34%,0,0.23%,0,1.15%,0,1.09%
17/07/17,0,-1.20%,0,1.42%,0,-1.00%,0,0.68%,0,-0.52%
18/07/17,0,0.32%,0,-0.11%,0,0.14%,0,0.60%,0,0.07%
19/07/17,0,2.26%,0,0.49%,0,-1.47%,0,0.00%,0,0.33%
20/07/17,0,-0.95%,0,1.10%,0,0.14%,0,-3.94%,0,0.89%
21/07/17,0,-3.18%,0,0.03%,0,0.00%,1,-0.77%,0,-0.77%
24/07/17,0,1.56%,0,-0.54%,0,0.65%,0,2.21%,0,-1.15%
25/07/17,0,2.59%,0,1.00%,0,0.23%,0,5.09%,0,1.65%
26/07/17,0,-1.81%,0,0.04%,0,-0.46%,-1,-3.13%,0,-2.43%
27/07/17,0,0.16%,0,-0.75%,0,0.09%,0,0.14%,0,-0.87%
28/07/17,0,1.04%,0,0.94%,0,0.37%,0,2.16%,0,-0.08%
31/07/17,0,1.19%,0,0.32%,0,0.60%,0,3.15%,0,0.50%
01/08/17,0,-1.25%,0,-0.33%,0,3.21%,0,-0.77%,0,2.09%
02/08/17,0,2.94%,1,-1.06%,-1,1.07%,0,0.17%,0,4.02%
03/08/17,0,-1.47%,-1,-1.71%,0,-0.26%,0,-1.39%,0,0.64%
04/08/17,0,0.70%,0,2.46%,0,-0.22%,0,1.78%,0,0.64%
07/08/17,0,1.09%,0,-3.72%,0,1.54%,0,3.84%,0,1.55%
08/08/17,0,-0.46%,0,-0.73%,0,1.22%,0,-1.17%,0,0.00%
09/08/17,0,0.23%,0,-0.62%,0,-0.60%,0,-0.39%,0,-1.88%
10/08/17,0,-2.47%,0,-0.25%,0,-1.30%,0,-1.32%,0,0.50%
11/08/17,0,-1.82%,0,-0.35%,0,0.53%,0,-2.20%,0,-0.07%
14/08/17,0,1.05%,0,-4.44%,0,1.83%,0,1.60%,0,0.63%
15/08/17,0,0.56%,0,-0.90%,0,0.43%,0,-0.57%,0,-0.49%
16/08/17,0,-0.16%,0,-0.52%,0,0.17%,0,1.96%,0,-0.81%
17/08/17,0,-0.63%,0,6.98%,0,-0.76%,0,-1.66%,0,-1.74%
18/08/17,0,4.23%,0,-1.07%,0,0.94%,0,1.11%,0,0.87%
21/08/17,-1,-1.92%,0,-0.44%,0,-0.72%,0,0.63%,0,1.33%
22/08/17,0,3.36%,0,0.83%,0,2.09%,0,0.33%,0,4.49%
23/08/17,0,-0.23%,0,-0.85%,0,1.09%,0,2.15%,-1,0.07%
24/08/17,0,0.30%,0,1.13%,0,0.87%,0,4.10%,0,0.34%
25/08/17,0,0.60%,0,-1.03%,0,-0.29%,0,-0.12%,0,-0.37%
28/08/17,0,-0.08%,0,0.81%,0,-0.91%,0,1.55%,0,-0.95%
29/08/17,0,-0.15%,0,2.27%,0,0.91%,0,0.24%,0,-0.68%
30/08/17,0,-2.93%,0,-0.53%,0,-0.54%,0,-0.31%,0,-1.00%
31/08/17,0,1.55%,0,2.04%,0,-1.28%,0,2.17%,0,-1.49%
01/09/17,0,2.67%,0,1.19%,0,2.10%,0,1.68%,0,3.84%
04/09/17,0,1.04%,0,1.71%,0,-0.49%,0,1.21%,-1,-0.14%
05/09/17,0,1.69%,0,2.32%,0,0.04%,0,-1.40%,0,0.51%
06/09/17,0,4.27%,0,0.70%,0,2.68%,0,0.56%,0,2.37%
08/09/17,0,-2.08%,0,-0.72%,0,-0.12%,0,-3.70%,0,-0.30%
11/09/17,0,1.91%,0,0.69%,0,1.69%,1,1.80%,0,3.58%
12/09/17,0,-0.76%,0,-0.95%,0,-0.28%,0,0.48%,0,-1.12%
13/09/17,0,1.05%,0,-0.31%,0,0.71%,0,-1.40%,0,0.61%
14/09/17,0,0.07%,0,4.26%,0,-0.24%,0,-3.30%,0,0.10%
15/09/17,0,0.00%,0,-0.57%,0,1.86%,0,0.53%,0,1.48%
18/09/17,0,0.00%,0,0.46%,0,0.74%,0,1.34%,0,1.36%
19/09/17,0,0.62%,0,-0.02%,0,-0.38%,0,-0.98%,0,-0.12%
20/09/17,0,4.82%,0,-0.31%,0,-1.04%,0,-2.20%,0,0.66%
21/09/17,-1,-1.25%,0,0.00%,0,0.12%,0,-2.00%,0,2.18%
22/09/17,0,0.13%,1,-1.47%,0,0.35%,0,-1.84%,0,-0.61%
25/09/17,0,1.00%,0,-0.30%,0,-0.97%,0,-2.57%,0,-2.82%
26/09/17,0,-1.78%,0,-1.44%,0,0.20%,0,1.32%,0,0.57%
27/09/17,0,-1.61%,0,-0.59%,0,0.04%,0,1.37%,0,-0.50%
28/09/17,0,0.20%,0,-0.11%,0,-0.51%,0,-0.56%,0,-0.85%
29/09/17,0,-0.27%,0,0.32%,0,0.87%,0,0.36%,0,1.08%
02/10/17,0,0.61%,0,0.44%,0,0.16%,0,0.10%,0,0.16%
03/10/17,0,3.79%,0,2.71%,0,3.43%,0,2.44%,0,4.04%
04/10/17,0,-2.02%,0,-0.55%,-1,-0.87%,0,-0.19%,-1,-0.45%
05/10/17,0,1.53%,0,-0.69%,0,1.60%,0,-1.06%,0,1.63%
06/10/17,0,-1.31%,0,-1.05%,0,-1.20%,0,-0.39%,0,0.57%
09/10/17,0,1.26%,0,0.39%,0,-1.17%,0,-2.00%,0,-1.13%
10/10/17,0,1.90%,0,-2.86%,0,2.49%,0,-0.57%,0,2.13%
11/10/17,0,-0.64%,0,0.57%,0,-0.56%,0,-0.71%,0,0.09%
13/10/17,0,0.00%,0,0.13%,0,-0.83%,0,5.82%,0,0.06%
16/10/17,0,0.19%,0,-1.27%,0,-0.49%,-1,1.34%,0,0.20%
17/10/17,0,0.06%,0,1.42%,0,-0.15%,0,-2.30%,0,0.18%
18/10/17,0,0.19%,0,-0.96%,0,0.15%,0,-0.97%,0,-0.35%
19/10/17,0,-0.06%,0,0.62%,0,-0.72%,0,2.28%,0,-0.67%
20/10/17,0,0.45%,0,-1.34%,0,-0.19%,0,-0.16%,0,0.88%
23/10/17,0,-0.13%,0,-1.92%,0,-0.92%,0,-0.73%,0,-3.48%
24/10/17,0,1.93%,0,-2.54%,0,0.74%,0,3.44%,1,0.91%
25/10/17,0,1.26%,0,-0.81%,0,0.65%,0,-0.84%,0,1.62%
26/10/17,0,0.06%,0,0.92%,0,-0.61%,0,-2.63%,0,-1.24%
27/10/17,0,1.81%,0,-4.08%,0,-0.62%,0,-0.35%,0,-0.45%
30/10/17,0,-1.47%,0,-0.71%,0,-1.28%,0,-0.61%,0,-3.54%
31/10/17,0,-0.06%,0,0.42%,0,-2.43%,0,-0.78%,1,-2.18%
01/11/17,0,0.75%,0,0.40%,0,-1.69%,0,2.26%,0,-1.27%
03/11/17,0,0.25%,0,-0.26%,0,1.39%,0,2.18%,0,-1.80%
06/11/17,0,2.89%,0,1.39%,0,0.44%,0,2.38%,0,-0.79%
07/11/17,-1,-5.32%,0,-1.58%,0,-2.37%,0,-2.39%,0,-5.03%
08/11/17,1,2.72%,0,0.77%,0,3.66%,0,1.26%,1,5.26%
09/11/17,0,-1.35%,0,-1.86%,-1,-2.70%,0,-3.35%,-1,-2.58%
10/11/17,0,0.00%,0,-0.56%,0,0.16%,0,-0.10%,0,-2.96%
13/11/17,0,-0.50%,0,0.88%,0,0.49%,0,1.12%,0,0.14%
14/11/17,0,-7.71%,0,0.24%,0,-1.90%,0,-2.95%,0,-2.38%
16/11/17,1,2.99%,0,3.02%,0,2.52%,0,1.37%,0,4.73%
17/11/17,0,1.32%,0,-0.38%,0,1.37%,0,0.97%,-1,1.68%
21/11/17,0,-0.78%,0,0.50%,0,1.99%,0,3.45%,0,1.71%
22/11/17,0,1.38%,0,1.24%,0,-0.97%,0,2.01%,0,-0.56%
23/11/17,0,0.45%,0,2.69%,0,-0.28%,0,1.33%,0,0.13%
24/11/17,0,-0.52%,0,-0.78%,0,-0.95%,0,1.67%,0,-0.56%
27/11/17,0,-1.49%,0,-1.36%,0,0.60%,0,-1.06%,0,-1.34%
28/11/17,0,-0.13%,0,3.19%,0,0.20%,0,2.38%,0,1.49%
29/11/17,0,-3.22%,0,0.29%,0,-2.09%,0,-1.51%,0,-4.53%
30/11/17,0,0.27%,0,2.13%,0,-1.45%,0,-1.59%,0,-3.95%
01/12/17,0,1.56%,0,0.05%,0,-0.04%,0,0.99%,0,2.84%
04/12/17,0,-0.87%,0,-1.51%,0,1.47%,0,3.79%,0,2.44%
05/12/17,0,-1.08%,0,1.32%,0,-0.61%,0,-2.20%,0,-1.45%
06/12/17,0,1.36%,0,-0.34%,0,1.06%,0,-0.73%,0,3.01%
07/12/17,0,-1.68%,0,5.27%,0,-0.32%,0,-1.18%,0,-3.88%
08/12/17,0,0.61%,0,-0.67%,0,0.85%,0,0.42%,0,0.60%
11/12/17,0,0.14%,0,2.80%,0,0.28%,0,0.77%,0,-0.81%
12/12/17,0,0.75%,0,-2.35%,0,0.80%,0,1.18%,0,2.23%
13/12/17,0,-2.02%,0,-1.81%,0,-2.22%,0,-0.20%,0,-2.39%
14/12/17,0,-1.10%,0,0.17%,0,-1.58%,0,0.38%,0,-0.39%
15/12/17,0,-0.42%,0,-0.18%,0,0.33%,0,1.80%,0,0.53%
18/12/17,0,1.81%,0,-0.78%,0,0.00%,0,2.57%,0,1.35%
19/12/17,0,-0.55%,0,1.68%,0,-0.57%,0,0.03%,0,-0.60%
20/12/17,0,0.69%,0,-0.26%,0,0.37%,0,3.45%,0,0.07%
21/12/17,0,4.10%,0,-0.06%,0,4.23%,0,1.48%,0,1.13%
22/12/17,-1,-0.72%,1,-0.67%,-1,-0.47%,0,1.22%,0,0.35%
26/12/17,0,1.39%,0,-0.42%,0,0.40%,0,0.16%,0,1.07%
27/12/17,0,0.52%,0,1.53%,0,-0.55%,0,0.03%,0,1.23%
28/12/17,0,0.32%,0,-12.39%,0,0.28%,0,0.99%,0,-0.64%
02/01/18,0,2.78%,0,-1.86%,0,3.08%,0,3.64%,0,3.48%
03/01/18,0,0.88%,0,-1.15%,0,0.69%,0,-0.60%,0,1.29%
04/01/18,0,0.19%,0,-1.14%,0,2.06%,0,0.40%,0,0.94%
05/01/18,0,0.62%,0,1.18%,0,0.30%,0,1.55%,0,0.00%
08/01/18,0,1.18%,0,1.41%,0,-0.33%,0,2.24%,0,0.23%
09/01/18,0,0.00%,0,-0.80%,0,-1.08%,0,-0.39%,0,-0.93%
10/01/18,0,-1.35%,0,-0.81%,0,-0.34%,0,-1.38%,0,-0.42%
11/01/18,0,2.67%,0,-1.06%,0,2.08%,0,1.94%,0,2.28%
12/01/18,0,0.30%,0,-0.72%,0,-0.07%,0,0.58%,0,0.22%
15/01/18,0,0.24%,0,-0.34%,0,0.63%,0,-0.17%,0,0.51%
16/01/18,0,1.74%,0,-0.47%,0,0.92%,0,-2.70%,0,0.89%
17/01/18,0,4.02%,0,-0.12%,0,1.64%,1,2.02%,0,2.35%
18/01/18,-1,-0.74%,0,0.20%,0,-0.25%,0,-0.68%,0,-0.67%
19/01/18,0,0.23%,0,-0.41%,0,0.83%,0,0.05%,0,-0.65%
22/01/18,0,1.14%,0,-0.77%,0,2.47%,0,-0.53%,0,0.34%
23/01/18,0,-0.96%,0,1.40%,0,-0.35%,0,-4.17%,0,0.37%
24/01/18,0,5.70%,0,-1.99%,0,4.83%,1,2.21%,0,7.92%
26/01/18,-1,3.07%,0,-0.10%,-1,5.44%,0,-0.82%,-1,3.11%
29/01/18,0,-0.42%,0,-0.15%,-1,-2.69%,0,1.10%,0,-0.58%
30/01/18,0,-1.79%,0,0.85%,0,-0.39%,0,-0.99%,0,-0.36%
31/01/18,0,1.07%,1,-0.74%,0,1.50%,0,-0.05%,0,2.27%
01/02/18,0,4.18%,0,0.11%,0,0.52%,0,0.80%,0,0.27%
02/02/18,0,-2.69%,0,-0.34%,0,-1.28%,0,-2.37%,0,-1.36%
05/02/18,0,-4.65%,0,1.85%,0,-3.50%,0,-1.10%,0,-2.99%
06/02/18,1,4.98%,0,-0.51%,0,3.60%,0,5.26%,0,4.39%
07/02/18,0,-2.76%,0,0.29%,0,-2.37%,-1,-1.79%,0,0.11%
08/02/18,0,-1.98%,0,7.17%,0,-0.50%,0,-0.30%,0,-3.14%
09/02/18,0,-1.48%,0,0.43%,0,0.27%,0,0.98%,0,-1.89%
14/02/18,0,2.55%,0,1.42%,0,-1.63%,0,6.00%,0,4.62%
15/02/18,0,0.76%,0,-0.23%,0,0.03%,-1,3.23%,0,-1.69%
16/02/18,0,0.11%,0,1.61%,0,0.78%,0,0.18%,0,1.00%
19/02/18,0,3.22%,0,1.87%,0,-0.77%,0,0.90%,0,-1.66%
20/02/18,0,1.98%,0,-0.62%,0,2.47%,0,-2.02%,0,2.95%
21/02/18,0,-0.92%,0,-0.39%,0,1.29%,0,-1.55%,0,0.78%
22/02/18,0,2.42%,0,-1.92%,0,0.55%,0,1.93%,0,3.11%
23/02/18,0,1.81%,0,0.73%,0,0.71%,0,0.91%,0,0.00%
26/02/18,0,1.92%,0,-0.14%,0,-0.13%,0,2.84%,0,1.46%
27/02/18,0,-0.10%,0,1.39%,0,-1.48%,0,-0.13%,0,-0.98%
28/02/18,0,-0.19%,0,0.97%,0,-3.41%,0,-4.81%,0,-1.88%
01/03/18,0,-1.99%,0,-1.08%,0,1.49%,1,-1.34%,0,0.72%
02/03/18,0,2.28%,0,-2.84%,0,0.53%,0,-1.57%,0,0.82%
05/03/18,0,2.81%,0,0.72%,0,1.40%,0,-0.12%,0,0.83%
06/03/18,0,-0.99%,0,-0.13%,0,-0.42%,0,-0.48%,0,2.21%
07/03/18,0,-1.05%,0,-0.14%,0,-0.13%,0,-0.36%,0,-0.69%
08/03/18,0,0.14%,0,1.41%,0,-0.69%,0,-3.24%,0,0.53%
09/03/18,0,3.17%,0,-2.73%,0,1.38%,0,1.54%,0,0.67%
12/03/18,0,-0.28%,0,0.59%,0,1.13%,0,0.86%,0,-0.53%
13/03/18,0,-0.98%,0,-0.75%,0,-0.81%,0,-0.78%,0,-1.26%
14/03/18,0,1.23%,0,-2.44%,0,-2.23%,0,1.12%,0,-0.86%
15/03/18,0,-4.80%,0,-0.18%,0,0.47%,0,-0.48%,0,-0.21%
16/03/18,1,0.59%,0,0.37%,0,-0.41%,0,-0.22%,0,0.02%
19/03/18,0,-2.33%,1,1.40%,0,-2.15%,0,-2.85%,0,-2.36%
20/03/18,0,1.10%,0,-0.04%,0,0.32%,0,1.20%,0,0.39%
21/03/18,0,4.19%,0,-0.77%,0,-0.40%,0,2.18%,0,1.66%
22/03/18,0,-1.47%,0,2.31%,0,-0.32%,0,-1.33%,0,-1.80%
23/03/18,0,0.14%,0,2.94%,0,0.48%,0,-0.81%,0,-0.70%
26/03/18,0,1.25%,0,-7.41%,0,1.24%,0,0.96%,0,0.68%
27/03/18,0,-2.65%,0,-0.19%,0,-1.20%,0,-2.69%,0,-2.48%
28/03/18,0,-1.12%,0,1.09%,0,0.92%,0,1.66%,0,-0.32%
29/03/18,0,0.98%,0,-1.20%,0,1.34%,0,1.61%,0,1.76%
02/04/18,0,-2.39%,0,0.23%,0,-0.48%,0,1.88%,0,-1.90%
03/04/18,0,-0.90%,0,-0.70%,0,-0.94%,0,-0.31%,0,-1.32%
04/04/18,0,-1.61%,0,-1.67%,0,0.65%,0,-0.74%,0,0.83%
05/04/18,0,3.79%,0,-0.77%,0,0.20%,0,1.64%,0,2.92%
06/04/18,0,0.59%,0,1.67%,0,0.49%,0,-1.19%,-1,-1.31%
09/04/18,0,-3.48%,0,1.25%,0,-2.22%,0,0.51%,0,-3.64%
10/04/18,0,4.21%,0,-0.82%,0,0.50%,0,4.38%,0,-1.20%
11/04/18,0,1.85%,0,-0.74%,0,1.65%,-1,-0.44%,0,0.83%
12/04/18,0,-0.53%,0,0.57%,0,0.88%,0,0.37%,0,-0.26%
13/04/18,0,-2.21%,0,-1.35%,0,-2.32%,0,0.39%,0,-3.36%
16/04/18,0,-2.75%,0,1.73%,0,-1.47%,0,-0.98%,0,-3.56%
17/04/18,0,2.02%,0,-2.53%,0,1.65%,0,3.12%,0,2.40%
18/04/18,0,3.62%,0,0.56%,0,1.90%,0,3.38%,0,2.29%
19/04/18,0,1.87%,0,-0.15%,0,-0.93%,0,0.74%,0,0.05%
20/04/18,0,0.70%,0,-0.72%,0,-0.22%,0,-0.41%,0,-1.10%
23/04/18,0,0.56%,0,1.93%,0,0.18%,0,-0.28%,0,-1.81%
24/04/18,0,-0.37%,0,0.81%,0,-0.49%,0,1.71%,0,-0.97%
25/04/18,0,-2.98%,0,0.46%,0,-0.59%,0,-0.75%,0,1.31%
26/04/18,0,4.12%,0,0.77%,0,2.32%,0,1.57%,0,0.78%
27/04/18,0,0.37%,0,0.16%,0,-0.19%,0,-0.72%,0,0.00%
30/04/18,0,1.15%,0,2.53%,0,-0.95%,0,0.66%,0,-1.74%
02/05/18,0,-1.63%,0,0.01%,0,-4.50%,0,0.08%,0,-1.85%
03/05/18,0,-0.65%,0,1.60%,1,-1.97%,0,0.76%,0,-2.83%
04/05/18,0,-0.84%,0,1.03%,0,-1.17%,0,1.26%,0,-0.20%
07/05/18,0,1.73%,0,0.66%,0,0.15%,0,-0.93%,0,-0.11%
08/05/18,0,1.15%,0,-0.16%,0,0.32%,0,-0.10%,0,2.72%
09/05/18,0,8.14%,0,-14.57%,0,0.32%,0,2.15%,0,4.21%
10/05/18,-1,3.91%,0,-1.19%,0,2.73%,0,2.29%,-1,-3.67%
11/05/18,0,-1.17%,0,-0.02%,0,-1.60%,0,2.40%,0,-0.47%
14/05/18,0,3.11%,0,-2.05%,0,-1.50%,0,3.11%,0,-2.49%
15/05/18,0,2.11%,0,0.90%,0,-0.38%,0,0.70%,0,-2.72%
16/05/18,0,2.26%,0,-1.50%,0,1.74%,0,2.28%,0,1.47%
17/05/18,0,-5.25%,0,-0.95%,0,-5.23%,0,-0.92%,0,-4.64%
18/05/18,1,-1.16%,0,0.59%,1,-0.70%,0,-1.10%,0,-0.55%
21/05/18,0,-2.36%,0,-0.80%,0,-1.37%,0,-3.23%,0,-2.39%
22/05/18,0,-1.17%,0,-2.11%,0,2.42%,1,-1.26%,0,2.22%
23/05/18,0,-5.81%,0,1.62%,0,-1.89%,0,-0.77%,0,-2.16%
24/05/18,0,-13.72%,0,2.09%,0,1.32%,0,1.01%,0,-3.06%
25/05/18,1,-1.40%,0,-1.15%,0,-0.88%,0,-1.86%,0,-2.08%
28/05/18,0,-14.56%,0,-2.08%,0,-4.23%,0,-0.80%,0,-7.34%
29/05/18,1,14.08%,0,0.13%,0,-0.35%,0,-1.79%,1,2.26%
30/05/18,-1,-1.67%,0,0.24%,0,0.19%,0,0.94%,0,6.52%
01/06/18,0,-14.86%,0,0.61%,0,1.99%,0,4.21%,-1,0.95%
04/06/18,0,8.50%,0,0.61%,0,2.17%,0,-0.45%,0,1.44%
05/06/18,0,-5.34%,0,-0.21%,0,-3.29%,0,2.29%,0,-6.37%
06/06/18,0,-1.57%,0,-1.72%,0,-2.54%,0,4.37%,0,-4.95%
07/06/18,0,-3.50%,0,1.36%,0,-2.91%,0,-3.03%,0,-4.01%
08/06/18,0,-3.23%,0,0.48%,0,0.24%,0,-6.41%,0,1.43%
11/06/18,0,1.02%,0,1.03%,0,-2.89%,1,-0.06%,0,-3.30%
12/06/18,0,0.34%,0,-0.52%,0,-0.20%,0,1.66%,0,3.88%
13/06/18,0,-1.88%,1,1.62%,0,-0.98%,0,-0.28%,0,-1.82%
14/06/18,0,-0.41%,0,1.08%,0,-3.55%,0,0.30%,0,-4.53%
15/06/18,0,-0.90%,0,0.16%,0,0.97%,0,-4.99%,0,-1.19%
18/06/18,0,-3.13%,0,-1.38%,0,-2.03%,0,0.17%,0,-1.92%
19/06/18,0,6.31%,0,1.47%,0,4.51%,0,-1.84%,0,7.01%
20/06/18,0,5.13%,0,-0.54%,-1,1.85%,0,1.04%,0,2.90%
21/06/18,0,-6.80%,0,0.96%,0,-2.67%,0,-3.27%,0,-3.67%
22/06/18,0,0.00%,0,13.40%,0,0.77%,0,1.68%,0,0.35%
25/06/18,0,3.93%,0,-1.43%,0,0.20%,0,-1.76%,0,2.91%
26/06/18,0,2.19%,0,-1.37%,0,-0.33%,0,2.51%,0,1.19%
27/06/18,0,3.18%,0,1.46%,0,-1.81%,0,-0.40%,0,-2.06%
28/06/18,0,0.31%,0,-2.74%,0,2.77%,0,1.92%,0,5.75%
29/06/18,0,3.51%,0,0.20%,0,1.74%,0,1.05%,0,1.78%
02/07/18,0,1.63%,0,0.28%,0,0.06%,0,-1.68%,0,2.58%
03/07/18,0,0.18%,0,-0.74%,0,2.35%,0,-1.62%,0,0.88%
04/07/18,0,5.47%,0,0.51%,0,1.62%,0,0.13%,0,2.87%
05/07/18,0,-3.21%,0,0.80%,0,-0.64%,0,3.49%,0,-2.33%
06/07/18,0,0.47%,0,1.02%,0,0.91%,0,1.28%,0,-1.11%
10/07/18,0,-1.10%,0,-1.34%,0,0.26%,0,-1.61%,0,-0.85%
11/07/18,0,-1.88%,0,1.48%,0,0.40%,0,-1.35%,0,1.99%
12/07/18,0,3.05%,0,1.39%,0,1.89%,0,3.26%,0,1.91%
13/07/18,0,0.93%,0,-1.85%,0,2.55%,0,-0.29%,0,2.54%
16/07/18,0,-1.26%,0,0.24%,0,-0.36%,0,-0.61%,0,-1.09%
17/07/18,0,2.27%,0,-0.76%,0,1.88%,0,1.40%,0,3.35%
18/07/18,0,-1.31%,0,-0.78%,0,-1.27%,0,1.48%,0,-0.63%
19/07/18,0,1.96%,0,0.43%,0,1.44%,0,-3.92%,0,-0.89%
20/07/18,0,4.80%,0,0.73%,0,2.84%,0,-1.44%,0,5.30%
23/07/18,0,-0.16%,0,-0.86%,0,-1.92%,0,1.79%,0,-0.67%
24/07/18,0,2.11%,0,-0.08%,0,-0.07%,0,3.44%,0,0.79%
25/07/18,0,1.53%,0,-1.43%,0,3.15%,0,0.86%,0,1.60%
26/07/18,0,-2.76%,0,0.45%,0,-1.58%,0,1.99%,0,-3.25%
27/07/18,0,1.82%,0,0.43%,0,0.54%,0,1.27%,0,1.23%
30/07/18,0,0.63%,0,0.92%,0,1.45%,0,1.66%,0,0.03%
31/07/18,0,-0.84%,0,0.21%,0,-4.19%,0,0.93%,0,-1.19%
01/08/18,0,1.42%,0,0.57%,1,1.26%,0,-3.25%,0,1.45%
02/08/18,0,2.03%,0,3.11%,0,0.35%,0,-0.41%,0,0.79%
03/08/18,0,3.41%,0,1.88%,0,2.38%,0,2.32%,0,3.01%
06/08/18,0,-0.30%,0,-0.74%,0,-0.73%,0,-0.29%,0,0.20%
07/08/18,0,-1.58%,0,-1.13%,0,-0.60%,0,0.67%,0,-2.13%
08/08/18,0,-2.76%,0,-0.43%,0,-2.34%,0,-0.66%,0,-2.80%
09/08/18,0,0.98%,0,-0.38%,0,-0.53%,0,-1.07%,0,2.97%
10/08/18,0,-3.68%,0,1.17%,0,-3.63%,0,-0.25%,0,-5.51%
13/08/18,0,2.28%,0,0.12%,0,0.79%,0,1.10%,1,0.47%
14/08/18,0,-0.05%,0,0.51%,0,2.07%,0,0.92%,0,3.45%
15/08/18,0,-4.62%,0,1.46%,0,-0.67%,0,-4.45%,0,-2.12%
16/08/18,1,-0.54%,0,0.12%,0,-0.14%,1,-1.37%,0,0.31%
17/08/18,0,-2.57%,0,-1.36%,0,-2.56%,0,2.17%,0,-3.52%
20/08/18,0,-0.56%,0,-0.66%,0,0.71%,0,1.26%,0,-2.66%
21/08/18,0,-3.45%,0,0.22%,0,-1.29%,0,0.56%,0,-3.98%
22/08/18,0,3.51%,0,1.63%,0,2.38%,0,3.03%,0,3.62%
23/08/18,0,-2.15%,0,1.41%,0,-3.89%,0,0.09%,0,-2.53%
24/08/18,0,1.97%,0,1.35%,0,0.75%,0,1.50%,0,1.37%
27/08/18,0,2.21%,0,-2.88%,0,3.32%,0,2.81%,0,3.07%
28/08/18,0,-1.94%,0,0.99%,0,-0.70%,0,-0.04%,0,-0.49%
29/08/18,0,5.20%,0,-0.42%,0,1.66%,0,-0.77%,0,2.27%
30/08/18,0,-2.58%,0,1.10%,0,-3.94%,0,-1.18%,0,-3.73%
31/08/18,0,2.43%,0,0.38%,0,1.37%,0,-1.74%,0,0.57%
03/09/18,0,-1.35%,0,-2.87%,0,-1.38%,0,0.80%,0,-2.36%
04/09/18,0,-1.86%,0,1.24%,0,-0.86%,0,-3.79%,0,-2.55%
05/09/18,0,0.00%,0,0.18%,0,0.58%,0,0.29%,0,0.17%
06/09/18,0,1.84%,0,-0.54%,0,2.53%,0,2.55%,0,2.23%
10/09/18,0,1.42%,0,-0.08%,0,0.92%,0,-0.49%,0,-1.36%
11/09/18,0,-3.93%,0,0.52%,0,-3.44%,0,-1.18%,0,-4.53%
12/09/18,0,2.41%,0,-0.66%,0,0.29%,0,1.64%,0,0.46%
13/09/18,0,-1.26%,0,-1.01%,0,-0.55%,0,0.62%,0,-1.34%
14/09/18,0,0.44%,0,1.23%,0,1.76%,0,2.64%,0,0.81%
17/09/18,0,3.26%,0,0.99%,0,2.37%,0,-0.29%,0,3.42%
18/09/18,0,4.33%,0,-0.32%,0,-0.09%,0,4.18%,0,4.46%
19/09/18,0,-1.33%,0,2.17%,0,0.70%,0,2.16%,0,-1.01%
20/09/18,0,-0.52%,0,-1.29%,0,-0.65%,0,1.26%,0,0.27%
21/09/18,0,1.36%,0,0.61%,0,1.69%,0,2.85%,0,3.66%
24/09/18,0,-0.72%,0,0.34%,0,-2.49%,0,-1.33%,0,-2.78%
25/09/18,0,0.42%,0,-1.04%,0,0.23%,0,3.32%,0,-0.61%
26/09/18,0,0.57%,0,0.50%,0,1.10%,0,-3.52%,0,-0.34%
27/09/18,0,6.27%,0,-0.22%,0,2.75%,0,-0.88%,0,2.85%
28/09/18,-1,-1.74%,0,-1.00%,0,-0.85%,0,0.57%,0,-2.77%
01/10/18,0,-0.39%,0,-2.22%,0,-1.12%,0,0.97%,0,-4.21%
02/10/18,0,8.65%,0,-1.00%,0,3.85%,0,1.32%,0,11.41%
03/10/18,-1,4.27%,0,-0.20%,0,4.53%,0,-2.04%,-1,9.07%
04/10/18,0,0.96%,0,-0.01%,0,0.11%,0,-1.92%,0,2.45%
05/10/18,0,-0.26%,0,1.48%,0,-0.34%,0,-2.23%,0,1.77%
08/10/18,0,11.00%,0,0.09%,0,5.95%,0,-0.77%,0,9.68%
09/10/18,-1,0.86%,0,-1.99%,-1,-0.52%,0,1.07%,0,-0.51%
10/10/18,0,-2.90%,0,-1.31%,0,-3.45%,0,-3.07%,0,-4.23%
11/10/18,0,-2.91%,0,1.63%,0,-1.19%,0,1.06%,0,-0.40%
15/10/18,0,1.89%,0,0.39%,0,1.16%,0,2.11%,0,1.40%
16/10/18,0,3.75%,0,0.23%,0,4.00%,0,0.05%,0,4.37%
17/10/18,0,-1.05%,0,-0.07%,0,-1.04%,0,1.91%,0,0.86%
18/10/18,0,-2.82%,0,0.36%,0,-2.97%,0,-3.91%,0,-1.16%
19/10/18,0,0.85%,0,-0.01%,0,-0.10%,0,0.05%,0,0.84%
22/10/18,0,2.36%,0,0.60%,0,1.46%,0,3.25%,0,0.68%
23/10/18,0,-1.25%,0,0.15%,0,0.35%,0,-2.78%,0,0.35%
24/10/18,0,-1.98%,0,-0.38%,0,-2.60%,0,-4.09%,0,-2.23%
25/10/18,0,2.46%,1,0.20%,0,1.16%,0,0.33%,0,2.56%
26/10/18,0,4.89%,0,-1.08%,0,1.87%,0,1.81%,0,5.79%
29/10/18,0,-4.29%,0,-0.07%,0,-1.84%,0,-4.50%,0,-1.30%
30/10/18,0,5.97%,0,-13.95%,0,2.93%,0,1.45%,0,2.94%
31/10/18,0,-1.33%,0,-1.62%,0,-0.48%,0,5.27%,0,-0.81%
01/11/18,0,-1.09%,0,1.33%,0,1.43%,-1,1.39%,0,1.47%
05/11/18,0,3.08%,0,-1.47%,0,1.08%,0,0.05%,0,0.07%
06/11/18,0,-3.46%,0,0.27%,0,0.63%,0,-0.52%,0,-2.17%
07/11/18,0,-3.28%,0,1.47%,0,0.10%,0,0.63%,0,-2.40%
08/11/18,0,-3.59%,0,-1.49%,0,-1.38%,0,-0.99%,0,-2.05%
09/11/18,0,0.45%,0,-0.47%,0,1.26%,0,-4.16%,0,2.22%
12/11/18,0,-0.53%,0,1.04%,0,0.28%,0,0.37%,0,1.64%
13/11/18,0,-4.30%,0,-0.08%,0,-0.37%,0,2.59%,0,-1.14%
14/11/18,0,3.55%,0,-0.14%,0,0.87%,0,-1.97%,0,0.17%
16/11/18,0,2.77%,0,-1.23%,0,3.09%,0,1.79%,0,3.16%
19/11/18,0,0.80%,0,0.51%,0,-0.06%,0,-1.39%,0,2.34%
21/11/18,0,-3.19%,0,-0.34%,0,-1.30%,0,-1.52%,0,-0.23%
22/11/18,0,0.29%,0,0.81%,0,-0.23%,0,-0.90%,0,1.99%
23/11/18,0,-3.08%,0,0.22%,0,-0.12%,0,-6.83%,0,0.79%
26/11/18,0,-0.51%,0,-0.15%,0,-1.65%,1,-0.46%,0,-1.76%
27/11/18,0,5.29%,0,2.66%,0,3.38%,0,-0.40%,0,2.36%
28/11/18,0,-0.57%,0,0.82%,0,2.50%,0,4.77%,0,1.58%
29/11/18,0,-0.86%,0,2.50%,0,0.89%,0,-0.57%,0,-1.14%
30/11/18,0,1.15%,0,3.21%,0,-0.91%,0,1.54%,0,-1.35%
03/12/18,0,1.91%,0,-0.54%,0,-1.26%,0,2.48%,0,-1.19%
04/12/18,0,-2.31%,0,0.61%,0,-0.11%,0,-2.27%,0,-1.00%
05/12/18,0,0.86%,0,1.75%,0,0.06%,0,-0.15%,0,1.01%
06/12/18,0,-3.80%,0,0.90%,0,0.90%,0,-0.95%,0,0.61%
07/12/18,0,0.76%,0,1.56%,0,-0.81%,0,-1.93%,0,-0.77%
10/12/18,0,-5.38%,0,-0.27%,0,-2.67%,0,-2.13%,0,-2.93%
11/12/18,0,-0.66%,0,0.65%,0,0.90%,0,0.80%,0,0.58%
12/12/18,0,0.04%,0,-1.91%,0,0.69%,0,-0.45%,0,0.27%
13/12/18,0,0.27%,0,3.80%,0,1.76%,0,0.46%,0,2.56%
14/12/18,0,-1.33%,0,2.38%,0,-0.73%,0,0.55%,0,0.05%
17/12/18,0,-0.76%,0,1.41%,0,-2.67%,0,0.73%,0,-0.91%
18/12/18,0,-3.80%,0,-1.10%,0,1.62%,0,0.37%,0,0.23%
19/12/18,0,1.13%,0,1.43%,0,-1.34%,0,-2.78%,0,0.00%
20/12/18,0,-3.44%,0,-1.69%,0,-0.03%,0,-0.40%,0,0.64%
21/12/18,0,0.29%,0,-3.16%,0,-0.46%,0,2.11%,0,0.02%
26/12/18,0,3.98%,0,0.21%,0,-2.18%,0,-0.83%,0,0.66%
27/12/18,0,-0.05%,0,-0.28%,0,1.69%,0,-1.86%,0,1.67%
28/12/18,0,4.66%,0,2.17%,0,3.50%,0,3.03%,0,3.04%
02/01/19,0,6.08%,0,-0.44%,-1,4.27%,0,0.18%,-1,4.54%
03/01/19,-1,2.45%,0,1.92%,-1,1.65%,0,-4.09%,-1,0.41%
04/01/19,0,0.28%,0,0.11%,0,-1.68%,1,6.51%,0,0.00%
07/01/19,0,1.58%,0,2.39%,0,0.19%,-1,-0.54%,0,-0.66%
08/01/19,0,-0.60%,0,-0.93%,0,1.27%,0,0.96%,0,-1.13%
09/01/19,0,2.08%,0,-1.07%,0,1.52%,0,2.44%,0,-0.27%
10/01/19,0,-0.86%,0,-1.68%,0,-0.68%,0,-1.10%,0,1.46%
11/01/19,0,-1.07%,0,1.73%,0,-0.61%,0,-1.36%,0,0.41%
14/01/19,0,-0.56%,0,0.96%,0,0.74%,0,0.42%,0,2.32%
15/01/19,0,-0.08%,0,-0.85%,0,-1.56%,0,-0.48%,0,-1.16%
16/01/19,0,-0.04%,0,0.15%,0,-0.29%,0,0.57%,0,-0.95%
17/01/19,0,1.37%,0,-0.35%,0,0.00%,0,3.00%,0,0.37%
18/01/19,0,0.95%,0,1.05%,0,1.29%,0,0.98%,0,-0.84%
21/01/19,0,0.51%,0,-1.15%,0,-0.82%,0,0.95%,0,-0.54%
22/01/19,0,-1.57%,0,0.64%,0,-0.16%,0,-0.36%,0,-0.19%
23/01/19,0,1.19%,0,-0.61%,0,0.67%,0,1.03%,0,2.07%
24/01/19,0,0.43%,1,-0.40%,0,-0.13%,0,0.90%,0,-0.51%
28/01/19,0,-3.01%,0,0.70%,0,1.79%,0,-24.52%,0,-1.29%
29/01/19,0,2.42%,0,-1.13%,0,-0.73%,1,0.85%,0,3.33%
30/01/19,0,0.99%,0,0.31%,0,0.63%,0,9.03%,0,1.30%
31/01/19,0,-0.16%,0,0.89%,0,1.73%,0,-2.36%,0,2.53%
01/02/19,0,0.86%,0,-8.44%,0,0.12%,0,1.65%,0,0.48%
04/02/19,0,0.89%,0,-0.48%,0,2.27%,0,-3.39%,0,1.90%
05/02/19,0,0.08%,0,1.96%,0,-4.26%,0,-0.09%,0,2.92%
06/02/19,0,-2.15%,0,1.29%,1,-4.21%,0,-4.88%,0,-6.09%
07/02/19,0,-1.57%,0,-8.66%,1,0.36%,0,-2.05%,1,0.66%
08/02/19,0,0.16%,0,-0.71%,0,2.14%,0,3.77%,0,0.14%
11/02/19,0,-1.15%,0,4.65%,0,-1.13%,0,-2.64%,0,-2.96%
12/02/19,0,3.54%,0,-0.87%,0,2.39%,0,5.43%,0,6.16%
13/02/19,-1,1.28%,0,1.61%,0,-2.28%,0,2.69%,-1,-2.27%
14/02/19,0,3.45%,0,0.74%,0,2.66%,0,0.37%,0,5.11%
15/02/19,0,-0.41%,0,0.10%,0,-1.03%,0,0.48%,0,0.13%
18/02/19,0,-0.30%,0,-0.94%,0,-1.60%,0,-1.37%,0,-0.99%
19/02/19,0,2.32%,0,0.69%,0,2.30%,0,0.53%,0,0.42%
20/02/19,0,-1.24%,0,1.02%,0,-1.27%,0,0.68%,0,-2.83%
21/02/19,0,1.33%,0,2.53%,0,1.82%,0,-0.92%,0,0.45%
22/02/19,0,-0.99%,0,0.49%,0,1.41%,0,3.55%,0,0.90%
25/02/19,0,-1.58%,0,1.73%,0,-1.53%,0,0.28%,0,-1.64%
26/02/19,0,-0.45%,0,-0.13%,0,0.36%,0,0.17%,0,0.54%
27/02/19,0,1.88%,0,0.52%,0,-0.88%,0,-0.78%,0,-1.14%
28/02/19,0,-0.07%,0,-2.19%,0,-1.89%,0,0.58%,0,-2.50%
01/03/19,0,-1.33%,0,-0.30%,0,-1.06%,0,-0.76%,0,1.40%
06/03/19,0,0.22%,0,-0.54%,0,0.03%,0,2.80%,0,-1.38%
07/03/19,0,0.04%,0,1.03%,0,1.38%,0,1.69%,0,-0.34%
08/03/19,0,-0.37%,0,0.31%,0,1.19%,0,-0.02%,0,3.51%
11/03/19,0,4.05%,0,1.61%,0,3.27%,0,2.11%,0,3.07%
12/03/19,-1,-0.90%,0,0.32%,0,0.22%,0,0.18%,0,-0.57%
13/03/19,0,2.18%,0,0.41%,0,1.08%,0,1.46%,0,1.54%
14/03/19,0,0.32%,0,0.37%,0,-1.58%,0,0.02%,0,-0.76%
15/03/19,0,0.21%,0,0.86%,0,-0.03%,0,-0.32%,0,0.86%
18/03/19,0,1.73%,0,0.85%,0,0.16%,0,-0.18%,0,-0.76%
19/03/19,0,1.60%,0,-1.12%,0,-2.33%,0,2.85%,0,-2.14%
20/03/19,0,-0.79%,0,-0.33%,0,-2.25%,0,-2.58%,0,-2.24%
21/03/19,0,-1.42%,0,-0.02%,0,-1.76%,1,0.65%,0,-2.10%
22/03/19,0,-5.46%,0,-1.21%,0,-2.95%,0,-1.65%,0,-5.44%
25/03/19,1,1.26%,0,0.24%,0,0.15%,0,-1.00%,1,0.71%
26/03/19,0,4.72%,0,1.58%,0,1.04%,0,1.47%,0,2.35%
27/03/19,0,-4.51%,0,-0.49%,0,-3.39%,0,-1.35%,0,-5.54%
28/03/19,0,2.63%,0,0.81%,0,3.96%,0,-0.60%,1,3.49%
29/03/19,0,0.00%,0,1.91%,-1,0.97%,0,3.31%,0,1.46%
01/04/19,0,-0.21%,0,0.90%,0,-0.74%,0,3.28%,0,0.99%
02/04/19,0,1.04%,0,0.01%,0,-1.58%,0,-1.84%,0,-0.87%
03/04/19,0,-2.65%,0,-0.05%,0,-0.89%,0,0.29%,0,-1.07%
04/04/19,0,3.38%,0,-0.01%,0,1.50%,0,0.73%,0,1.20%
05/04/19,0,1.09%,0,-1.09%,0,2.16%,0,-0.35%,0,0.57%
08/04/19,0,1.63%,0,-0.40%,0,-0.61%,0,2.71%,0,0.16%
09/04/19,0,-0.31%,0,-1.27%,0,-0.55%,0,-1.95%,0,-1.50%
10/04/19,0,-1.30%,0,-0.07%,0,-0.18%,0,-1.13%,0,0.74%
11/04/19,0,-2.71%,0,-0.11%,0,-2.32%,0,0.06%,0,-1.13%
12/04/19,0,-7.75%,0,-0.19%,0,-1.05%,0,-0.60%,0,-3.17%
15/04/19,1,0.31%,0,-0.40%,0,-0.06%,0,-0.29%,0,0.28%
16/04/19,0,3.05%,0,0.38%,0,-0.09%,0,3.45%,0,2.07%
17/04/19,0,0.11%,0,-1.17%,0,-1.55%,0,-1.60%,0,-1.32%
18/04/19,0,3.18%,0,-0.04%,0,1.36%,0,0.63%,0,3.50%
22/04/19,0,-0.58%,0,-0.71%,0,-0.27%,0,-2.43%,0,-1.04%
23/04/19,0,0.88%,0,-1.20%,0,1.28%,0,1.21%,0,2.01%
24/04/19,0,-0.29%,0,0.60%,0,0.15%,0,-3.00%,0,-2.03%
25/04/19,0,0.73%,0,0.76%,0,1.54%,0,-0.06%,0,1.64%
26/04/19,0,-1.91%,1,0.27%,0,0.24%,0,0.18%,0,0.51%
29/04/19,0,0.44%,0,1.42%,0,-0.80%,0,-0.34%,0,0.04%
30/04/19,0,-0.95%,0,1.32%,0,0.89%,0,-0.30%,0,0.63%
02/05/19,0,-1.40%,0,-0.65%,0,0.67%,0,-2.32%,0,0.22%
03/05/19,0,0.45%,0,-1.68%,0,-0.97%,0,2.98%,0,0.58%
06/05/19,0,-0.30%,0,0.96%,0,-2.20%,0,-1.47%,0,-1.42%
07/05/19,0,-1.57%,0,0.38%,0,-1.12%,0,0.08%,0,0.24%
08/05/19,0,3.87%,0,-1.78%,0,1.13%,0,-1.41%,0,2.22%
09/05/19,0,-1.97%,0,-0.35%,0,-1.24%,0,-0.94%,0,0.87%
10/05/19,0,-0.93%,0,0.51%,0,-0.46%,0,1.90%,0,-1.70%
13/05/19,0,-2.93%,0,-0.19%,0,-1.57%,0,-4.10%,0,-3.57%
14/05/19,0,0.39%,0,-0.45%,0,-0.47%,0,0.34%,0,-0.97%
15/05/19,0,-0.46%,0,2.41%,0,0.31%,0,0.76%,0,-1.65%
16/05/19,0,-2.37%,0,1.03%,0,-1.29%,0,-3.23%,0,-3.12%
17/05/19,0,-2.30%,0,-2.25%,0,0.19%,0,2.84%,0,-1.73%
20/05/19,0,3.38%,0,1.02%,0,2.60%,0,-2.03%,0,3.84%
21/05/19,-1,3.82%,0,-0.54%,-1,3.84%,0,1.41%,-1,5.71%
22/05/19,0,-0.38%,0,1.54%,-1,0.12%,0,0.11%,-1,0.00%
23/05/19,0,-1.71%,0,1.38%,0,-0.21%,0,0.76%,0,0.16%
24/05/19,0,0.97%,0,0.45%,0,-1.49%,0,1.02%,0,1.47%
27/05/19,0,0.57%,0,-0.24%,0,0.36%,0,3.89%,0,1.95%
28/05/19,0,2.13%,0,0.69%,0,2.81%,0,0.12%,0,1.30%
29/05/19,0,-1.12%,0,0.01%,0,1.88%,0,-1.09%,0,-0.10%
30/05/19,0,-1.32%,0,0.08%,0,1.04%,0,0.62%,0,1.46%
31/05/19,0,-2.29%,0,0.32%,0,-0.23%,0,-2.02%,0,-0.19%
03/06/19,0,1.72%,0,-0.26%,0,0.27%,0,-0.35%,0,0.46%
04/06/19,0,0.81%,0,1.04%,0,-0.17%,0,0.57%,0,1.63%
05/06/19,0,-1.30%,0,-0.10%,0,-1.94%,0,-1.47%,0,-2.76%
06/06/19,0,1.62%,0,0.02%,0,1.05%,0,0.85%,0,2.54%
07/06/19,0,1.83%,0,0.03%,0,1.07%,0,-0.29%,0,-0.81%
10/06/19,0,-0.41%,0,-1.54%,0,-1.25%,0,-0.66%,0,-0.94%
11/06/19,0,1.91%,0,0.81%,0,0.49%,0,6.39%,0,1.99%
12/06/19,0,-1.14%,1,0.12%,0,-0.57%,-1,0.12%,0,-0.89%
13/06/19,0,1.23%,0,0.44%,0,-1.79%,0,0.70%,0,-1.59%
14/06/19,0,-0.44%,0,-0.68%,0,0.03%,0,-0.87%,0,-1.77%
17/06/19,0,0.18%,0,-2.91%,0,-0.12%,0,-2.33%,0,-0.10%
18/06/19,0,1.25%,1,0.85%,0,2.59%,0,3.59%,0,2.34%
19/06/19,0,0.26%,0,-1.42%,0,1.58%,0,0.58%,0,1.65%
21/06/19,0,2.76%,0,-1.26%,0,2.26%,0,0.27%,0,0.78%
24/06/19,0,-0.11%,0,2.66%,0,-0.22%,0,-0.08%,0,0.25%
25/06/19,0,-2.62%,0,1.94%,0,-1.25%,0,-1.95%,0,-0.92%
26/06/19,0,0.58%,0,0.07%,0,2.38%,0,0.39%,0,2.17%
27/06/19,0,-1.59%,0,-2.66%,0,-0.68%,0,0.23%,0,0.20%
28/06/19,0,0.66%,0,1.65%,0,0.03%,0,0.23%,0,0.26%
01/07/19,0,-0.55%,0,-0.35%,0,-0.46%,0,3.53%,0,-0.11%
02/07/19,0,-1.61%,0,-0.21%,0,-0.36%,0,-4.21%,0,-1.28%
03/07/19,0,1.16%,0,-0.03%,0,1.72%,1,-0.19%,0,2.09%
04/07/19,0,0.96%,0,-1.59%,0,1.15%,0,0.74%,0,1.62%
05/07/19,0,0.04%,0,2.08%,0,1.11%,0,-2.54%,0,-0.33%
08/07/19,0,0.91%,0,-0.07%,0,-0.27%,0,1.17%,0,-0.09%
10/07/19,0,1.52%,0,-0.53%,0,-0.27%,0,2.32%,0,-1.26%
11/07/19,0,1.18%,0,1.55%,0,-0.13%,0,-0.15%,0,-1.95%
12/07/19,0,0.46%,0,1.24%,0,-1.86%,0,-0.46%,0,-2.26%
15/07/19,0,-1.23%,0,1.54%,0,-0.27%,0,1.70%,0,-0.60%
16/07/19,0,-1.24%,0,-0.02%,0,0.39%,0,0.68%,0,0.15%
17/07/19,0,-0.54%,0,1.51%,0,-0.27%,0,-0.68%,0,0.02%
18/07/19,0,-0.61%,0,2.31%,0,2.66%,0,-0.19%,0,1.70%
19/07/19,0,-0.25%,0,0.02%,0,-2.60%,0,0.25%,0,-1.25%
22/07/19,0,0.18%,0,0.54%,1,1.70%,0,-0.51%,0,0.02%
23/07/19,0,0.11%,0,-1.34%,0,0.97%,0,-1.32%,0,-1.17%
24/07/19,0,-0.62%,0,1.29%,0,-0.08%,0,-2.14%,0,1.81%
25/07/19,0,-1.68%,0,-0.61%,0,-3.08%,0,-0.32%,0,-4.22%
26/07/19,0,-2.79%,0,0.86%,1,1.80%,0,-0.51%,1,-0.24%
29/07/19,1,0.92%,0,0.92%,0,0.41%,0,0.06%,0,0.90%
30/07/19,0,-0.53%,0,0.64%,0,-3.32%,0,-0.50%,0,-1.01%
31/07/19,0,-0.61%,0,-0.37%,1,-2.66%,0,-0.40%,0,-1.44%
01/08/19,0,-1.84%,0,-2.97%,0,0.22%,0,-2.83%,0,-0.95%
02/08/19,0,2.77%,0,0.04%,0,0.14%,0,-1.16%,0,0.02%
05/08/19,-1,-3.65%,0,2.70%,0,-1.37%,0,-3.85%,0,-1.87%
06/08/19,1,1.30%,0,-1.78%,0,3.02%,1,1.35%,0,1.36%
07/08/19,0,-1.09%,0,1.01%,0,3.69%,0,-0.30%,0,-0.10%
08/08/19,0,2.91%,0,-0.25%,0,0.54%,0,1.51%,0,0.72%
09/08/19,-1,-0.23%,0,-0.04%,0,-0.76%,0,-3.58%,0,-0.31%
12/08/19,0,-2.42%,0,0.97%,0,-4.14%,0,-0.73%,0,-3.39%
13/08/19,0,1.34%,0,0.77%,0,1.96%,0,2.97%,0,1.17%
14/08/19,0,-3.37%,0,-0.96%,0,-2.20%,-1,-3.48%,0,-3.49%
15/08/19,0,-2.77%,0,0.40%,0,-0.28%,0,-2.21%,0,-0.09%
16/08/19,0,-1.32%,0,0.09%,0,0.40%,0,-0.46%,0,-0.26%
19/08/19,0,0.50%,0,2.00%,0,-0.44%,0,-0.09%,0,-1.97%
20/08/19,0,-0.04%,0,2.26%,0,-1.11%,0,0.44%,0,-0.09%
21/08/19,0,5.95%,0,-1.21%,0,0.77%,0,0.71%,0,5.72%
22/08/19,-1,-0.90%,0,-0.34%,0,-1.58%,0,-0.59%,-1,-0.55%
23/08/19,0,-3.73%,0,1.72%,0,-1.16%,0,-1.39%,0,-3.64%
26/08/19,0,-1.32%,0,1.22%,0,-0.03%,0,-1.11%,0,-0.47%
27/08/19,0,1.59%,0,-0.14%,0,1.18%,0,1.21%,0,-0.80%
28/08/19,0,1.03%,0,0.02%,0,1.13%,0,0.37%,0,-0.83%
29/08/19,0,3.70%,0,1.06%,0,0.53%,0,3.73%,0,2.43%
30/08/19,0,0.00%,0,0.22%,0,-0.44%,0,1.04%,0,2.57%
02/09/19,0,-0.78%,0,1.97%,0,-1.25%,0,0.97%,0,-1.28%
03/09/19,0,1.19%,0,-1.32%,0,-1.91%,0,-1.06%,0,-1.86%
04/09/19,0,2.58%,0,1.86%,0,0.70%,0,2.20%,0,2.37%
05/09/19,0,0.50%,0,0.97%,0,2.84%,0,0.00%,0,3.49%
06/09/19,0,0.49%,0,-1.74%,0,3.35%,0,-0.15%,0,4.07%
09/09/19,0,1.55%,1,0.64%,0,2.45%,0,3.10%,0,1.24%
10/09/19,0,0.63%,0,0.28%,0,-1.94%,0,0.73%,0,-1.68%
11/09/19,0,-0.85%,0,-0.26%,0,-0.45%,0,-0.60%,0,-2.38%
12/09/19,0,0.71%,0,-5.60%,0,0.63%,0,3.63%,0,0.51%
13/09/19,0,-0.67%,0,-0.05%,0,1.36%,0,0.20%,0,-1.79%
16/09/19,0,4.39%,0,1.28%,0,-1.78%,0,-2.41%,0,-1.04%
17/09/19,0,-1.32%,0,-1.35%,0,0.37%,0,0.64%,0,1.39%
18/09/19,0,-1.70%,0,2.03%,0,-0.31%,0,-1.02%,0,1.52%
19/09/19,0,0.26%,0,-2.19%,0,-1.67%,0,-0.17%,0,-2.60%
20/09/19,0,-1.06%,0,-0.58%,0,0.26%,0,0.21%,0,1.58%
23/09/19,0,1.78%,0,-0.42%,0,-0.32%,0,-0.66%,0,-0.48%
24/09/19,0,-0.76%,0,0.56%,0,-1.04%,0,-2.43%,0,-3.05%
25/09/19,0,0.26%,0,-0.73%,0,1.17%,0,1.98%,0,-0.65%
26/09/19,0,1.32%,0,0.10%,0,2.88%,0,0.00%,0,0.37%
27/09/19,0,-0.14%,0,-1.97%,0,-0.42%,0,-0.42%,0,-0.81%
30/09/19,0,-0.40%,0,0.62%,0,-1.41%,0,0.19%,0,0.33%
01/10/19,0,-0.15%,0,-1.51%,0,-2.27%,0,-0.08%,0,-1.19%
02/10/19,0,-2.87%,0,-2.42%,0,-2.75%,0,-5.47%,0,-3.40%
03/10/19,0,0.07%,0,0.02%,0,0.03%,1,0.75%,0,4.31%
04/10/19,0,-0.86%,0,-0.91%,0,0.48%,0,2.53%,-1,0.68%
07/10/19,0,-1.28%,0,-0.40%,0,-1.85%,0,-1.18%,0,-3.95%
08/10/19,0,-0.57%,0,0.15%,0,-0.43%,0,-1.56%,0,-1.80%
09/10/19,0,1.92%,0,0.04%,0,1.59%,0,0.77%,0,2.77%
10/10/19,0,0.83%,0,-1.51%,0,0.72%,0,3.44%,0,0.45%
11/10/19,0,1.94%,0,0.75%,0,1.29%,0,2.96%,0,1.87%
14/10/19,0,0.18%,0,0.17%,0,1.68%,0,-1.34%,0,-0.51%
15/10/19,0,1.06%,0,3.89%,0,-0.23%,0,-0.17%,0,-1.38%
16/10/19,0,1.20%,0,1.15%,0,1.43%,0,-2.32%,0,1.40%
17/10/19,0,-0.97%,0,-1.05%,0,-0.60%,0,-0.19%,0,-0.20%
18/10/19,0,-0.22%,0,-1.26%,0,-1.18%,0,-1.46%,0,2.56%
21/10/19,0,0.62%,0,0.55%,0,1.64%,0,2.56%,0,0.74%
22/10/19,0,2.88%,0,10.24%,0,3.10%,0,0.19%,0,2.16%
23/10/19,-1,1.33%,0,1.27%,0,1.42%,0,-0.40%,0,0.42%
24/10/19,0,-2.18%,0,-0.27%,0,0.47%,0,-0.76%,0,-0.63%
25/10/19,0,3.28%,0,-0.83%,0,0.66%,0,3.87%,0,0.91%
28/10/19,0,1.20%,0,-5.53%,0,1.36%,0,0.29%,0,2.22%
29/10/19,0,0.07%,0,0.71%,0,-1.77%,0,-0.10%,0,-0.27%
30/10/19,0,0.88%,0,-1.02%,0,0.63%,0,-0.12%,0,1.56%
31/10/19,0,1.04%,0,-0.20%,0,-1.74%,0,-2.86%,0,-2.57%
01/11/19,0,0.13%,0,0.09%,0,0.37%,0,2.63%,0,-0.39%
04/11/19,0,-0.23%,0,-1.62%,0,0.33%,0,2.85%,0,-0.56%
05/11/19,0,-2.32%,0,0.64%,0,1.73%,0,0.10%,0,0.63%
06/11/19,1,0.17%,0,1.66%,0,-1.35%,0,-0.36%,0,-0.67%
07/11/19,0,4.03%,0,0.29%,0,0.60%,0,0.85%,0,0.00%
08/11/19,-1,-2.87%,0,0.19%,0,-1.49%,0,-1.86%,0,-1.41%
11/11/19,0,1.44%,0,0.94%,0,0.44%,0,-2.14%,0,0.51%
12/11/19,0,-0.76%,0,0.89%,0,-1.70%,0,-0.48%,0,-1.10%
13/11/19,0,-0.40%,0,-1.70%,0,-1.01%,0,-1.63%,0,-1.65%
14/11/19,0,-2.01%,0,-0.77%,0,0.65%,0,-0.25%,0,1.22%
18/11/19,0,-0.75%,0,1.28%,0,-0.45%,0,1.30%,0,-1.10%
19/11/19,0,-1.03%,0,-2.60%,0,-1.10%,0,1.18%,0,-0.46%
21/11/19,0,3.72%,0,-0.39%,0,1.02%,0,0.52%,0,1.29%
22/11/19,0,0.44%,0,-0.42%,0,0.68%,0,3.33%,0,1.60%
25/11/19,0,-0.83%,0,-0.71%,0,-1.43%,0,1.66%,0,-0.32%
26/11/19,0,-1.82%,0,0.11%,0,-2.04%,0,0.71%,0,-1.29%
27/11/19,0,0.48%,0,6.42%,0,0.58%,0,-1.25%,0,2.91%
28/11/19,0,0.68%,0,1.14%,0,-0.29%,0,-0.42%,-1,0.55%
29/11/19,0,-1.29%,0,-0.48%,0,0.58%,0,-0.77%,0,0.44%
02/12/19,0,-0.27%,0,1.42%,0,1.38%,0,2.72%,0,-0.79%
03/12/19,0,-0.31%,0,0.20%,0,0.03%,0,-1.79%,0,2.02%
04/12/19,0,2.35%,0,-1.48%,0,3.60%,0,0.99%,0,1.45%
05/12/19,0,1.31%,0,3.33%,-1,-0.14%,0,0.06%,0,-0.86%
06/12/19,0,1.00%,0,0.62%,0,-1.81%,0,0.79%,0,-0.41%
09/12/19,0,-0.46%,0,-1.98%,0,1.95%,0,0.18%,0,0.31%
10/12/19,0,0.76%,0,1.78%,0,-1.45%,0,-0.47%,0,-1.44%
11/12/19,0,-0.13%,0,0.87%,0,-1.17%,0,1.23%,0,-0.15%
12/12/19,0,1.87%,0,1.14%,0,-0.03%,0,2.16%,0,2.59%
13/12/19,0,-4.52%,0,-1.58%,0,2.13%,0,-1.10%,0,-0.78%
16/12/19,1,-1.89%,0,-0.28%,0,-2.29%,0,-0.78%,0,-1.36%
17/12/19,0,1.48%,0,-1.26%,0,1.52%,0,0.02%,0,2.26%
18/12/19,0,2.31%,0,0.90%,0,1.28%,0,0.23%,0,3.45%
19/12/19,0,0.23%,0,0.45%,0,0.49%,0,1.00%,0,1.03%
20/12/19,0,-1.13%,0,0.20%,0,-0.44%,0,1.46%,0,-0.20%
23/12/19,0,0.80%,0,1.10%,0,0.93%,0,-0.39%,0,3.02%
26/12/19,0,1.33%,0,0.36%,0,1.52%,0,0.39%,0,1.14%
27/12/19,0,0.10%,0,-0.33%,0,-0.27%,0,0.41%,0,-0.43%
30/12/19,0,-1.11%,0,0.45%,0,-0.54%,0,-0.56%,0,-0.28%
02/01/20,0,1.72%,0,2.25%,0,2.55%,0,1.93%,0,1.86%
03/01/20,0,-0.81%,0,0.51%,0,-1.05%,0,-0.74%,0,-0.17%
06/01/20,0,1.18%,0,0.37%,0,-1.49%,0,-0.59%,0,-1.32%
07/01/20,0,-0.39%,0,-6.90%,0,-2.32%,0,0.73%,0,-0.75%
08/01/20,0,-0.62%,0,0.80%,0,-1.63%,0,0.02%,0,-0.91%
09/01/20,0,-0.33%,0,1.73%,0,-1.99%,0,-1.31%,0,-2.03%
10/01/20,0,-0.43%,0,3.96%,0,-0.89%,0,0.11%,0,-2.35%
13/01/20,0,0.20%,0,-0.32%,0,1.33%,0,3.64%,0,1.12%
14/01/20,0,-1.09%,0,1.74%,0,0.00%,-1,0.61%,0,-0.54%
15/01/20,0,-1.50%,0,-0.29%,0,-1.23%,0,-0.32%,0,-1.83%
16/01/20,0,-0.10%,0,1.08%,0,0.20%,0,-0.52%,0,0.45%
17/01/20,0,1.12%,0,-0.18%,0,0.69%,0,3.32%,0,1.35%
20/01/20,0,0.50%,0,1.96%,0,-2.03%,-1,0.63%,0,-0.64%
21/01/20,0,-1.27%,0,0.58%,0,-2.13%,0,-2.32%,0,-2.89%
22/01/20,0,-1.11%,0,0.51%,0,0.60%,0,0.48%,0,0.79%
23/01/20,0,1.06%,0,-2.35%,0,2.37%,0,-1.42%,0,5.62%
24/01/20,0,-1.01%,0,-1.06%,0,-0.75%,0,-3.06%,-1,-1.32%
27/01/20,0,-4.33%,0,-0.97%,0,-2.16%,0,-6.12%,0,-0.98%
28/01/20,1,2.75%,0,0.35%,0,-0.03%,1,1.37%,0,0.82%
29/01/20,-1,0.17%,0,-1.46%,0,-1.55%,0,-0.88%,0,-2.47%
30/01/20,0,0.31%,0,-0.07%,0,1.46%,0,1.48%,0,0.69%
31/01/20,0,-1.69%,0,-0.04%,0,-1.88%,0,-2.39%,0,-2.53%
03/02/20,0,-0.95%,0,0.98%,0,0.29%,0,1.27%,0,0.49%
04/02/20,0,1.60%,0,-1.30%,0,0.79%,0,2.67%,0,-1.09%
05/02/20,0,-0.84%,0,2.07%,0,0.60%,0,1.38%,0,4.46%
06/02/20,0,2.78%,0,-0.83%,0,-0.24%,0,0.55%,-1,-1.69%
07/02/20,0,-0.86%,0,-0.78%,0,1.29%,0,-2.21%,0,0.10%
10/02/20,0,0.69%,0,0.76%,0,1.69%,0,-3.67%,0,-0.99%
11/02/20,0,1.20%,0,-0.36%,0,2.30%,0,3.71%,0,4.50%
12/02/20,0,2.20%,0,1.02%,0,-0.40%,0,1.96%,0,0.58%
13/02/20,0,-1.36%,0,-0.30%,0,-1.55%,0,-1.75%,0,-1.55%
14/02/20,0,-1.01%,1,-3.25%,0,-1.69%,0,-2.19%,0,-1.91%
17/02/20,0,-0.20%,0,-0.74%,0,-0.92%,0,4.73%,0,-1.50%
18/02/20,0,1.33%,0,-0.30%,0,0.42%,0,-1.14%,0,0.96%
19/02/20,0,2.69%,0,-2.65%,0,1.43%,0,0.02%,0,0.24%
20/02/20,0,-2.06%,0,0.65%,0,-0.35%,0,-1.16%,0,-1.03%
21/02/20,0,-2.61%,0,-1.52%,0,-0.95%,0,-3.97%,0,0.08%
26/02/20,0,-10.05%,0,-4.15%,0,-4.99%,0,-9.54%,0,-7.29%
27/02/20,1,-3.47%,0,-5.83%,1,0.06%,1,-1.94%,1,1.24%
28/02/20,0,0.16%,0,-0.54%,0,2.99%,0,-0.36%,0,2.34%
02/03/20,0,4.70%,0,-0.05%,0,-0.33%,0,4.63%,0,0.62%
03/03/20,0,-1.81%,0,3.98%,0,-1.82%,0,-0.02%,0,-2.93%
04/03/20,0,3.22%,0,1.39%,0,0.96%,0,4.79%,0,0.11%
05/03/20,0,-5.95%,0,2.70%,0,-3.42%,0,-3.54%,0,-5.91%
06/03/20,0,-9.73%,0,-0.85%,0,-2.13%,0,-4.78%,0,-1.88%
09/03/20,1,-29.70%,0,-1.45%,0,-6.93%,0,-15.20%,0,-11.04%
10/03/20,1,9.41%,0,0.23%,1,2.48%,1,18.45%,1,5.26%
11/03/20,0,-9.74%,0,0.38%,0,-8.14%,-1,-9.08%,0,-8.63%
12/03/20,0,-20.50%,0,0.67%,1,-9.82%,0,-13.23%,0,-13.22%
13/03/20,0,22.22%,0,1.90%,1,11.06%,0,21.36%,1,16.77%
16/03/20,-1,-15.00%,0,1.93%,-1,-9.19%,-1,-9.00%,-1,-16.69%
17/03/20,0,-0.69%,0,1.08%,0,5.88%,0,6.33%,1,4.84%
18/03/20,0,-13.15%,0,-0.71%,0,-6.94%,0,-6.89%,0,-16.50%
19/03/20,0,8.15%,0,1.61%,0,-2.56%,0,-5.82%,0,-3.91%
20/03/20,0,-1.72%,0,-0.19%,0,-3.50%,0,-3.32%,0,-3.79%
23/03/20,0,-4.17%,0,0.44%,0,-6.94%,0,-3.10%,0,-10.04%
24/03/20,0,15.22%,0,-0.06%,0,9.65%,0,10.38%,0,17.13%
25/03/20,0,8.08%,0,2.61%,0,4.89%,0,8.53%,-1,12.00%
26/03/20,0,0.49%,0,0.23%,0,2.75%,0,2.82%,0,5.03%
27/03/20,0,-7.57%,0,0.55%,0,-5.28%,0,-4.52%,0,-7.38%
30/03/20,0,0.60%,0,0.62%,0,4.96%,0,4.16%,0,2.66%
31/03/20,0,4.56%,0,-0.57%,0,-4.23%,0,3.47%,0,-3.79%
01/04/20,0,2.22%,0,-2.22%,0,-7.26%,0,0.35%,0,-4.23%
02/04/20,0,8.46%,0,1.82%,0,0.47%,0,-1.36%,0,1.16%
03/04/20,0,-1.10%,0,-1.89%,0,-3.91%,0,-5.33%,0,-5.63%
06/04/20,0,2.80%,0,-2.12%,0,7.36%,0,6.49%,0,9.25%
07/04/20,0,3.99%,0,1.41%,0,3.70%,0,1.51%,0,4.70%
08/04/20,0,5.61%,0,0.35%,0,5.13%,0,-0.62%,0,1.92%
09/04/20,0,-2.89%,0,0.05%,0,-2.81%,0,-0.53%,0,-0.27%
13/04/20,0,0.65%,0,3.31%,0,2.13%,0,2.98%,0,1.99%
14/04/20,0,-1.18%,0,1.17%,0,1.25%,0,-0.09%,0,-0.10%
15/04/20,0,-2.09%,0,4.00%,0,-3.70%,0,-3.01%,0,-1.85%
16/04/20,0,-4.03%,0,-4.73%,0,-2.52%,0,-1.00%,0,-2.87%
17/04/20,0,2.61%,0,1.48%,0,1.80%,0,2.90%,0,2.71%
20/04/20,0,-1.12%,0,-1.22%,0,-2.50%,0,-3.50%,0,-1.99%
22/04/20,0,5.02%,0,0.33%,0,-1.19%,0,1.04%,0,-0.45%
23/04/20,0,1.19%,0,2.06%,0,-1.43%,0,1.42%,0,-2.81%
24/04/20,0,-5.90%,0,0.04%,0,-5.31%,0,0.57%,0,-13.37%
27/04/20,0,3.13%,0,0.54%,0,3.30%,0,1.81%,1,5.72%
28/04/20,0,4.86%,0,-0.41%,0,8.25%,0,0.13%,0,13.43%
29/04/20,0,5.51%,0,0.10%,0,1.33%,0,4.75%,-1,1.44%
30/04/20,0,-0.82%,0,-0.41%,0,-3.76%,0,-4.00%,0,-3.59%
04/05/20,0,-3.71%,0,0.99%,0,-3.80%,0,-2.07%,0,-2.60%
05/05/20,0,3.22%,0,-0.36%,0,3.70%,0,-0.52%,0,0.14%
06/05/20,0,-3.68%,0,-0.60%,0,-2.03%,0,1.44%,0,-2.91%
07/05/20,0,0.93%,0,0.56%,0,-3.60%,0,3.88%,0,-2.70%
08/05/20,0,5.96%,0,0.38%,0,4.10%,0,6.08%,0,3.20%
11/05/20,0,-1.79%,0,1.79%,0,0.27%,-1,-2.29%,0,0.63%
12/05/20,0,-0.06%,0,0.68%,0,-3.44%,0,-0.57%,0,-3.52%
13/05/20,0,-3.03%,0,0.23%,0,-0.05%,0,2.28%,0,-2.89%
14/05/20,0,-1.08%,0,2.36%,0,4.40%,0,-0.93%,0,4.31%
15/05/20,0,-1.44%,0,-1.05%,0,-4.08%,0,-0.08%,0,-1.88%
18/05/20,0,8.10%,0,0.12%,0,4.81%,0,6.68%,0,4.78%
19/05/20,0,0.76%,0,-1.26%,0,-4.32%,0,2.30%,0,-2.70%
20/05/20,0,3.32%,0,1.57%,0,-0.41%,0,0.11%,0,2.51%
21/05/20,0,-0.57%,0,1.74%,0,5.74%,0,-2.61%,0,7.06%
22/05/20,0,-2.71%,0,0.87%,0,0.53%,0,-1.68%,0,-2.56%
25/05/20,0,4.34%,0,0.10%,0,4.36%,0,-0.34%,0,10.49%
26/05/20,0,0.98%,0,2.40%,0,-3.96%,0,-1.80%,0,-2.25%
27/05/20,0,1.32%,0,-0.34%,0,3.13%,0,2.93%,0,0.36%
28/05/20,0,-0.80%,0,0.98%,0,-1.77%,0,-1.09%,0,-0.36%
29/05/20,0,2.88%,0,0.23%,0,-1.16%,0,5.81%,0,0.16%
01/06/20,0,-0.05%,0,0.60%,0,2.76%,0,0.79%,0,3.11%
02/06/20,0,5.26%,0,0.25%,0,6.72%,0,0.00%,0,3.21%
03/06/20,0,0.33%,0,1.37%,0,2.65%,0,0.45%,0,5.88%
04/06/20,0,-0.19%,0,2.31%,0,2.89%,0,3.73%,0,0.55%
05/06/20,0,3.13%,0,0.41%,0,2.21%,0,-1.89%,0,0.74%
08/06/20,0,1.95%,0,1.43%,0,4.04%,0,0.31%,0,3.38%
09/06/20,0,-3.60%,0,0.38%,0,-1.97%,0,0.38%,0,-1.65%
10/06/20,0,-1.47%,0,1.19%,0,-4.35%,0,-1.44%,0,-4.41%
12/06/20,0,-3.74%,0,2.41%,0,-1.99%,0,-1.48%,0,-2.51%
15/06/20,0,0.49%,0,0.70%,0,-2.34%,0,0.90%,0,-0.84%
16/06/20,0,3.24%,0,-2.30%,0,2.87%,0,2.80%,0,1.30%
17/06/20,0,0.33%,0,-0.43%,0,1.26%,0,1.46%,0,2.99%
18/06/20,0,0.75%,0,-2.24%,0,3.92%,0,-0.05%,0,-0.29%
19/06/20,0,-0.60%,0,0.44%,0,1.96%,0,-1.78%,0,-1.34%
22/06/20,0,-2.42%,0,-0.03%,0,-3.10%,0,-0.31%,0,-2.06%
23/06/20,0,3.34%,0,-2.73%,0,-1.32%,0,1.07%,0,0.87%
24/06/20,0,-3.00%,0,-0.21%,0,-3.80%,0,-0.36%,0,-3.91%
25/06/20,0,2.24%,0,1.44%,0,1.20%,0,1.10%,0,2.45%
26/06/20,0,-2.93%,0,0.28%,0,-1.68%,0,-0.68%,0,-3.60%
29/06/20,0,3.93%,0,-0.52%,0,2.99%,0,0.02%,0,5.09%
30/06/20,0,-0.51%,0,2.49%,0,-3.89%,0,0.52%,0,-3.86%
01/07/20,0,0.74%,0,-0.35%,0,2.61%,0,-2.47%,0,2.86%
02/07/20,0,1.61%,0,0.17%,0,1.72%,0,1.74%,0,0.27%
03/07/20,0,-0.36%,0,-3.70%,0,-0.19%,0,-0.41%,0,1.03%
06/07/20,0,2.41%,0,0.26%,0,4.64%,0,2.37%,0,3.49%
07/07/20,0,-1.24%,0,0.91%,0,-4.90%,0,-0.35%,0,-4.01%
08/07/20,0,1.89%,0,0.97%,0,2.16%,0,1.69%,0,2.43%
09/07/20,0,-2.25%,0,1.38%,0,0.04%,0,-1.57%,0,-0.38%
10/07/20,0,1.67%,0,-0.74%,0,0.93%,0,0.97%,0,0.53%
13/07/20,0,-1.55%,0,0.38%,0,-1.47%,0,1.19%,0,-1.00%
14/07/20,0,3.34%,0,-0.44%,0,1.68%,0,7.03%,0,1.63%
15/07/20,0,1.92%,0,-0.17%,0,0.70%,-1,0.15%,0,0.99%
16/07/20,0,-2.66%,0,-0.65%,0,-1.68%,0,-2.70%,0,-0.84%
17/07/20,0,0.09%,0,-2.56%,0,0.89%,0,1.53%,0,3.08%
20/07/20,0,0.00%,0,0.77%,0,0.29%,0,-0.39%,0,-0.39%
21/07/20,0,2.77%,0,-0.23%,0,1.47%,0,-1.81%,0,0.48%
22/07/20,0,-1.37%,0,-1.39%,0,-2.27%,0,-0.77%,0,-0.82%
23/07/20,0,-2.08%,0,3.65%,0,-2.11%,0,-0.66%,0,-2.41%
24/07/20,0,0.71%,0,0.76%,0,-0.11%,0,-0.42%,0,-1.16%
27/07/20,0,2.07%,0,-1.21%,0,5.02%,0,4.73%,0,2.83%
28/07/20,0,-1.72%,0,-0.01%,0,-0.58%,0,-1.68%,0,0.34%
29/07/20,0,1.62%,0,-0.84%,0,2.35%,0,4.33%,0,2.63%
30/07/20,0,-1.51%,0,0.21%,0,-1.70%,0,-2.67%,0,-3.20%
31/07/20,0,-2.72%,0,0.48%,0,-3.31%,0,-0.91%,0,-3.51%
03/08/20,0,-1.80%,0,0.51%,0,1.45%,0,-0.74%,0,2.29%
04/08/20,0,-0.09%,0,-2.06%,0,-5.83%,0,0.73%,0,-3.06%
05/08/20,0,6.43%,0,-0.59%,1,-0.08%,0,2.45%,0,0.09%
06/08/20,-1,0.17%,0,-3.64%,0,1.40%,0,-0.58%,0,3.06%
07/08/20,0,-1.85%,0,-2.16%,0,-2.11%,0,-2.23%,0,-0.70%
10/08/20,0,2.90%,0,-0.39%,0,1.30%,0,2.89%,0,0.94%
11/08/20,0,-1.58%,0,0.52%,0,-1.16%,0,-3.09%,0,-1.45%
12/08/20,0,1.73%,0,-1.25%,0,-1.14%,0,2.02%,0,-0.53%
13/08/20,0,-2.73%,0,-1.15%,0,-2.85%,0,-1.87%,0,-2.01%
14/08/20,0,-0.74%,0,-1.99%,0,0.94%,0,1.66%,0,0.33%
17/08/20,0,-0.31%,0,-0.18%,0,-2.39%,0,1.43%,0,-2.56%
18/08/20,0,1.86%,0,0.52%,0,0.41%,0,1.33%,0,1.36%
19/08/20,0,-0.56%,0,-0.80%,0,-0.50%,0,-1.06%,0,-0.46%
20/08/20,0,-0.70%,0,0.38%,0,0.00%,0,0.90%,0,0.09%
21/08/20,0,-0.75%,0,-1.02%,0,-0.17%,0,-1.19%,0,0.92%
