Data,Ãšltimo
04/01/10,39.53
05/01/10,39.9
06/01/10,40.75
07/01/10,40.92
08/01/10,41.32
11/01/10,41.19
12/01/10,41.08
13/01/10,41.58
14/01/10,41.58
15/01/10,41.04
18/01/10,41.61
19/01/10,42.19
20/01/10,41.04
21/01/10,39.62
22/01/10,38.78
26/01/10,38
27/01/10,37.48
28/01/10,37.45
29/01/10,37.55
01/02/10,38.69
02/02/10,38.69
03/02/10,38.6
04/02/10,36.52
05/02/10,36.21
08/02/10,36.47
09/02/10,37.24
10/02/10,37.28
11/02/10,38.15
12/02/10,37.89
17/02/10,39.39
18/02/10,40.06
19/02/10,39.93
22/02/10,39.16
23/02/10,38.56
24/02/10,38.7
25/02/10,38.93
26/02/10,38.74
01/03/10,39.13
02/03/10,39.92
03/03/10,39.83
04/03/10,40.39
05/03/10,41.69
08/03/10,41.38
09/03/10,41.69
10/03/10,41.15
11/03/10,40.62
12/03/10,40.39
15/03/10,40.62
16/03/10,41.63
17/03/10,41.68
18/03/10,41.27
19/03/10,40.82
22/03/10,41.38
23/03/10,42.84
24/03/10,42.77
25/03/10,42.46
26/03/10,42.84
29/03/10,43.8
30/03/10,44.11
31/03/10,43.88
01/04/10,44.33
05/04/10,44.2
06/04/10,44.14
07/04/10,44.59
08/04/10,45.61
09/04/10,45.52
12/04/10,45.21
13/04/10,45.57
14/04/10,45.95
15/04/10,45.89
16/04/10,45.26
19/04/10,44.46
20/04/10,43.84
22/04/10,44
23/04/10,43.61
26/04/10,43.43
27/04/10,41.22
28/04/10,40.94
29/04/10,42.06
30/04/10,41.06
03/05/10,40.04
04/05/10,38.17
05/05/10,39.12
06/05/10,38.56
07/05/10,45.1
10/05/10,47.01
11/05/10,46.56
12/05/10,46.39
13/05/10,45.72
14/05/10,44.37
17/05/10,43.68
18/05/10,42.1
19/05/10,41.28
20/05/10,39.79
21/05/10,42.46
24/05/10,42.02
25/05/10,42.39
26/05/10,42.17
27/05/10,44.82
28/05/10,44.42
31/05/10,45.37
01/06/10,44.39
02/06/10,45.32
04/06/10,43.18
07/06/10,41.83
08/06/10,42.27
09/06/10,42.43
10/06/10,43.2
11/06/10,43.73
14/06/10,43.75
15/06/10,44.38
16/06/10,43.83
17/06/10,43.05
18/06/10,42.65
21/06/10,43.98
22/06/10,43.55
23/06/10,44.09
24/06/10,43.1
25/06/10,43.63
28/06/10,42.81
29/06/10,40.74
30/06/10,39.61
01/07/10,39.78
02/07/10,39.58
05/07/10,39.02
06/07/10,39.51
07/07/10,40.46
08/07/10,40.6
12/07/10,40
13/07/10,40.07
14/07/10,40.08
15/07/10,39.76
16/07/10,38.88
19/07/10,39.97
20/07/10,42.23
21/07/10,42.47
22/07/10,43.37
23/07/10,43.71
26/07/10,43.73
27/07/10,43.55
28/07/10,44.32
29/07/10,43.92
30/07/10,44.05
02/08/10,45.85
03/08/10,45.79
04/08/10,45.76
05/08/10,45.96
06/08/10,45.89
09/08/10,46.01
10/08/10,45.37
11/08/10,43.83
12/08/10,44.21
13/08/10,44.28
16/08/10,44.86
17/08/10,45.38
18/08/10,45.69
19/08/10,45.23
20/08/10,44.68
23/08/10,43.4
24/08/10,42.46
25/08/10,42.08
26/08/10,41.61
27/08/10,43.05
30/08/10,41.92
31/08/10,42.54
01/09/10,44.51
02/09/10,44.08
03/09/10,43.92
06/09/10,43.55
08/09/10,42.82
09/09/10,42.92
10/09/10,42.52
13/09/10,43.73
14/09/10,43.37
15/09/10,43.63
16/09/10,43.34
17/09/10,42.76
20/09/10,43.64
21/09/10,43.78
22/09/10,44.57
23/09/10,44.59
24/09/10,46.12
27/09/10,46.97
28/09/10,47.33
29/09/10,47.36
30/09/10,47.45
01/10/10,47.91
04/10/10,47.95
05/10/10,48.55
06/10/10,48.7
07/10/10,48.53
08/10/10,48.36
11/10/10,48.63
13/10/10,48.59
14/10/10,48.77
15/10/10,48.91
18/10/10,49.97
19/10/10,48.78
20/10/10,50.22
21/10/10,49.42
22/10/10,49.46
25/10/10,49.88
26/10/10,50.61
27/10/10,50.1
28/10/10,49.14
29/10/10,49.14
01/11/10,50.24
03/11/10,49.69
04/11/10,50.97
05/11/10,51.07
08/11/10,51.43
09/11/10,51.25
10/11/10,51.16
11/11/10,51.38
12/11/10,50.43
16/11/10,49.41
17/11/10,49.33
18/11/10,50.65
19/11/10,50.84
22/11/10,50.7
23/11/10,49.42
24/11/10,50.67
25/11/10,50.35
26/11/10,49.59
29/11/10,49.7
30/11/10,49.11
01/12/10,50.7
02/12/10,51.25
03/12/10,51.89
06/12/10,52.12
07/12/10,52
08/12/10,50.85
09/12/10,51.41
10/12/10,52.05
13/12/10,53.35
14/12/10,52.88
15/12/10,52.08
16/12/10,52.03
17/12/10,52.17
20/12/10,51.8
21/12/10,52.43
22/12/10,52.29
23/12/10,52.12
27/12/10,50.64
28/12/10,50.19
29/12/10,50.54
30/12/10,50.73
03/01/11,52.23
04/01/11,53.31
05/01/11,54.28
06/01/11,53.58
07/01/11,53.18
10/01/11,53.08
11/01/11,53.63
12/01/11,55.12
13/01/11,54.73
14/01/11,54.97
17/01/11,55.46
18/01/11,56.16
19/01/11,54.94
20/01/11,54.02
21/01/11,54.39
24/01/11,54.75
26/01/11,54.71
27/01/11,54.16
28/01/11,52.61
31/01/11,52.62
01/02/11,53.92
02/02/11,52.91
03/02/11,52.79
04/02/11,51.93
07/02/11,52.32
08/02/11,51.91
09/02/11,50.33
10/02/11,50.98
11/02/11,52.04
14/02/11,53.05
15/02/11,52.87
16/02/11,53.38
17/02/11,53.45
18/02/11,52.91
21/02/11,51.71
22/02/11,50.68
23/02/11,51.62
24/02/11,51.17
25/02/11,51.34
28/02/11,51.9
01/03/11,50.92
02/03/11,51.79
03/03/11,52.17
04/03/11,51.3
09/03/11,49.43
10/03/11,48.03
11/03/11,48.69
14/03/11,48.86
15/03/11,47.98
16/03/11,46.78
17/03/11,48.11
18/03/11,48.74
21/03/11,48.86
22/03/11,48.58
23/03/11,49.31
24/03/11,48.72
25/03/11,48.73
28/03/11,48.4
29/03/11,49.4
30/03/11,48.76
31/03/11,49.18
01/04/11,48.86
04/04/11,49.92
05/04/11,50.15
06/04/11,49.36
07/04/11,48.96
08/04/11,48.86
11/04/11,48.92
12/04/11,47.93
13/04/11,47.24
14/04/11,47.84
15/04/11,47.72
18/04/11,47.24
19/04/11,47.67
20/04/11,48.54
25/04/11,49.01
26/04/11,49.05
27/04/11,48.42
28/04/11,48.04
29/04/11,48.31
02/05/11,47.78
03/05/11,46.69
04/05/11,45.82
05/05/11,46.4
06/05/11,46.41
09/05/11,46.6
10/05/11,46.48
11/05/11,45.11
12/05/11,45.2
13/05/11,44.46
16/05/11,44.28
17/05/11,44.74
18/05/11,44.88
19/05/11,45.28
20/05/11,45.48
23/05/11,45.43
24/05/11,45.86
25/05/11,45.97
26/05/11,46.69
27/05/11,46.97
30/05/11,46.77
31/05/11,46.88
01/06/11,46.43
02/06/11,46.5
03/06/11,46.11
06/06/11,45.76
07/06/11,45.67
08/06/11,45.71
09/06/11,46.21
10/06/11,45.7
13/06/11,44.85
14/06/11,45.08
15/06/11,44.78
16/06/11,44.27
17/06/11,44.05
20/06/11,44.73
21/06/11,45.14
22/06/11,45.29
24/06/11,45.6
27/06/11,45.26
28/06/11,45.81
29/06/11,45.84
30/06/11,46.17
01/07/11,48.22
04/07/11,48.84
05/07/11,47.86
06/07/11,47.7
07/07/11,48
08/07/11,47.67
11/07/11,47.26
12/07/11,47.3
13/07/11,47.88
14/07/11,47.23
15/07/11,47.2
18/07/11,47.34
19/07/11,47.45
20/07/11,47.45
21/07/11,47.59
22/07/11,47.73
25/07/11,47.7
26/07/11,47.65
27/07/11,47.29
28/07/11,47.72
29/07/11,46.81
01/08/11,46.83
02/08/11,45.85
03/08/11,44.65
04/08/11,42.07
05/08/11,41.05
08/08/11,37.14
09/08/11,39.04
10/08/11,39.08
11/08/11,40.77
12/08/11,40.6
15/08/11,41.34
16/08/11,41.06
17/08/11,41.75
18/08/11,39.65
19/08/11,39.08
22/08/11,39.02
23/08/11,40.32
24/08/11,40.58
25/08/11,40.13
26/08/11,40.81
29/08/11,41.85
30/08/11,41.94
31/08/11,42.7
01/09/11,42.96
02/09/11,42.33
05/09/11,41.37
06/09/11,42.53
08/09/11,43.47
09/09/11,42.8
12/09/11,43.05
13/09/11,43.37
14/09/11,43.9
15/09/11,44.38
16/09/11,44.61
19/09/11,45.22
20/09/11,45.68
21/09/11,44.92
22/09/11,42.53
23/09/11,42.23
26/09/11,41.67
27/09/11,42.13
28/09/11,41.92
29/09/11,41.67
30/09/11,40.65
03/10/11,39.43
04/10/11,39.08
05/10/11,39.89
06/10/11,40.46
07/10/11,39.28
10/10/11,40.51
11/10/11,41.1
13/10/11,41.89
14/10/11,41.96
17/10/11,40.36
18/10/11,40.53
19/10/11,39.16
20/10/11,38.68
21/10/11,39.55
24/10/11,41.9
25/10/11,41.38
26/10/11,42.56
27/10/11,43.71
28/10/11,43.51
31/10/11,42.64
01/11/11,42.24
03/11/11,43.59
04/11/11,44.48
07/11/11,44.87
08/11/11,44.59
09/11/11,43.86
10/11/11,43.59
11/11/11,44.3
14/11/11,44.09
16/11/11,44.46
17/11/11,43.26
18/11/11,43.11
21/11/11,42.86
22/11/11,42.48
23/11/11,41.36
24/11/11,41.41
25/11/11,40.46
28/11/11,40.86
29/11/11,40.29
30/11/11,40.63
01/12/11,40.87
02/12/11,41.38
05/12/11,42.14
06/12/11,42.09
07/12/11,40.26
08/12/11,39.43
09/12/11,40.22
12/12/11,39.54
13/12/11,39.49
14/12/11,38.86
15/12/11,38.24
16/12/11,38.24
19/12/11,37.64
20/12/11,39.02
21/12/11,39.14
22/12/11,39.7
23/12/11,39.94
26/12/11,39.63
27/12/11,39.9
28/12/11,38.74
29/12/11,38.48
02/01/12,39.9
03/01/12,41.67
04/01/12,41.95
05/01/12,40.83
06/01/12,40.48
09/01/12,40.43
10/01/12,40.38
11/01/12,40.69
12/01/12,40.28
13/01/12,39.46
16/01/12,39.71
17/01/12,41.74
18/01/12,42.04
19/01/12,41.92
20/01/12,41.87
23/01/12,41.56
24/01/12,41.95
26/01/12,41.74
27/01/12,41.98
30/01/12,42.42
31/01/12,43.6
01/02/12,44.48
02/02/12,44.45
03/02/12,44.74
06/02/12,44.72
07/02/12,44.71
08/02/12,44.4
09/02/12,43.99
10/02/12,43.24
13/02/12,44.33
14/02/12,43.16
15/02/12,42.4
16/02/12,42.56
17/02/12,41.88
22/02/12,41.94
23/02/12,42.78
24/02/12,43.01
27/02/12,42.55
28/02/12,43
29/02/12,42.48
01/03/12,42.97
02/03/12,43.36
05/03/12,42.09
06/03/12,40.05
07/03/12,39.99
08/03/12,40.14
09/03/12,40.1
12/03/12,39.62
13/03/12,41.65
14/03/12,41.26
15/03/12,41.65
16/03/12,41.92
19/03/12,42.21
20/03/12,41.56
21/03/12,41.41
22/03/12,40.55
23/03/12,40.53
26/03/12,41.08
27/03/12,41.37
28/03/12,40.58
29/03/12,41.12
30/03/12,41.85
02/04/12,42.93
03/04/12,41.96
04/04/12,41.13
05/04/12,41.03
09/04/12,40.6
10/04/12,40.23
11/04/12,40.23
12/04/12,42.78
13/04/12,42.72
16/04/12,42.16
17/04/12,43.06
18/04/12,43.5
19/04/12,43.18
20/04/12,43.08
23/04/12,42.8
24/04/12,42.9
25/04/12,42.28
26/04/12,42.9
27/04/12,42.62
30/04/12,42.6
02/05/12,43.2
03/05/12,42.76
04/05/12,41.53
07/05/12,41.5
08/05/12,40.4
09/05/12,40.3
10/05/12,40.31
11/05/12,39.1
14/05/12,38.45
15/05/12,38.16
16/05/12,37.1
17/05/12,35.83
18/05/12,36.68
21/05/12,37.85
22/05/12,37.38
23/05/12,37.68
24/05/12,37.25
25/05/12,36.55
28/05/12,36.88
29/05/12,37.5
30/05/12,37.28
31/05/12,37.59
01/06/12,37
04/06/12,36.92
05/06/12,36.89
06/06/12,37.96
08/06/12,38.34
11/06/12,37.86
12/06/12,38.75
13/06/12,38.8
14/06/12,38.9
15/06/12,39.52
18/06/12,39.85
19/06/12,40.81
20/06/12,40.93
21/06/12,39.8
22/06/12,39.71
25/06/12,38.95
26/06/12,39.85
27/06/12,39.69
28/06/12,39.22
29/06/12,40.13
02/07/12,40.24
03/07/12,41
04/07/12,41.25
05/07/12,41.77
06/07/12,40.79
10/07/12,39.6
11/07/12,39.56
12/07/12,39.39
13/07/12,40.23
16/07/12,39.6
17/07/12,39.45
18/07/12,39.5
19/07/12,39.55
20/07/12,38.59
23/07/12,37.68
24/07/12,35.84
25/07/12,35.65
26/07/12,36.09
27/07/12,37.55
30/07/12,37.52
31/07/12,37.15
01/08/12,37.39
02/08/12,36.75
03/08/12,37.3
06/08/12,37.7
07/08/12,37.64
08/08/12,37.93
09/08/12,38.3
10/08/12,38.58
13/08/12,38.61
14/08/12,37.05
15/08/12,36.3
16/08/12,36.8
17/08/12,35.65
20/08/12,36.36
21/08/12,36.09
22/08/12,36.1
23/08/12,34.7
24/08/12,34.53
27/08/12,34
28/08/12,33.92
29/08/12,32.91
30/08/12,32.8
31/08/12,33.78
03/09/12,33.55
04/09/12,32.45
05/09/12,33
06/09/12,34.52
10/09/12,35.79
11/09/12,36.8
12/09/12,37.28
13/09/12,38.23
14/09/12,38.65
17/09/12,39.07
18/09/12,39.55
19/09/12,39.1
20/09/12,38.77
21/09/12,37.62
24/09/12,37.88
25/09/12,36.82
26/09/12,36.95
27/09/12,36.88
28/09/12,36.49
01/10/12,36.33
02/10/12,36.19
03/10/12,35.7
04/10/12,36.1
05/10/12,35.91
08/10/12,37.1
09/10/12,37.3
10/10/12,36.9
11/10/12,37.4
15/10/12,36.24
16/10/12,36.92
17/10/12,37.58
18/10/12,37.4
19/10/12,36.6
22/10/12,36.6
23/10/12,35.57
24/10/12,35.32
25/10/12,37.31
26/10/12,37.03
29/10/12,37.27
30/10/12,37.45
31/10/12,37.45
01/11/12,38.39
05/11/12,38.05
06/11/12,38.23
07/11/12,37.83
08/11/12,36.98
09/11/12,37.3
12/11/12,37
13/11/12,37.26
14/11/12,36.59
16/11/12,35.48
19/11/12,35.95
21/11/12,36.45
22/11/12,36.29
23/11/12,36.92
26/11/12,36.61
27/11/12,36.48
28/11/12,35.87
29/11/12,37.46
30/11/12,37.6
03/12/12,37.38
04/12/12,36.7
05/12/12,37.3
06/12/12,37.05
07/12/12,37.48
10/12/12,38.15
11/12/12,39
12/12/12,39.4
13/12/12,39.62
14/12/12,41.2
17/12/12,42
18/12/12,42.82
19/12/12,42.05
20/12/12,42.25
21/12/12,41.89
26/12/12,42.17
27/12/12,42.16
28/12/12,42.28
02/01/13,44.1
03/01/13,43.35
04/01/13,42.53
07/01/13,41.84
08/01/13,41.51
09/01/13,41.7
10/01/13,42.14
11/01/13,41.27
14/01/13,41.43
15/01/13,41.16
16/01/13,40.9
17/01/13,40.98
18/01/13,40.61
21/01/13,40.58
22/01/13,41.15
23/01/13,40.85
24/01/13,40
28/01/13,38.79
29/01/13,39.24
30/01/13,38.75
31/01/13,40.26
01/02/13,40.85
04/02/13,40.45
05/02/13,39.7
06/02/13,40.15
07/02/13,39.03
08/02/13,39.34
13/02/13,39.11
14/02/13,38.58
15/02/13,38.3
18/02/13,38.04
19/02/13,37.65
20/02/13,36.44
21/02/13,36.7
22/02/13,35.72
25/02/13,35.88
26/02/13,36.6
27/02/13,37
28/02/13,37.8
01/03/13,36.75
04/03/13,35.64
05/03/13,35.45
06/03/13,37.4
07/03/13,37.38
08/03/13,36.34
11/03/13,36.67
12/03/13,36.29
13/03/13,34.86
14/03/13,35
15/03/13,34.73
18/03/13,35.02
19/03/13,33.58
20/03/13,34.35
21/03/13,34.64
22/03/13,34.71
25/03/13,34.25
26/03/13,34.45
27/03/13,35.13
28/03/13,34.9
01/04/13,33.94
02/04/13,33.2
03/04/13,35.35
04/04/13,34.19
05/04/13,34.56
08/04/13,34.7
09/04/13,36.19
10/04/13,34.08
11/04/13,33.24
12/04/13,33.67
15/04/13,31.61
16/04/13,32.33
17/04/13,32.46
18/04/13,31.9
19/04/13,32.1
22/04/13,32.56
23/04/13,33.4
24/04/13,33.58
25/04/13,34.23
26/04/13,33.13
29/04/13,33.6
30/04/13,34.25
02/05/13,33.49
03/05/13,33.8
06/05/13,33.83
07/05/13,34.85
08/05/13,34.96
09/05/13,35.15
10/05/13,34.24
13/05/13,33.44
14/05/13,32.79
15/05/13,32.1
16/05/13,31.35
17/05/13,31.65
20/05/13,32.89
21/05/13,33.15
22/05/13,32.62
23/05/13,32.01
24/05/13,31.7
27/05/13,31.85
28/05/13,31.3
29/05/13,31.05
31/05/13,30.45
03/06/13,31.6
04/06/13,32
05/06/13,30.92
06/06/13,31.28
07/06/13,30.77
10/06/13,30.46
11/06/13,29.71
12/06/13,29.39
13/06/13,30.89
14/06/13,30.08
17/06/13,30.4
18/06/13,31.03
19/06/13,30.71
20/06/13,30.95
21/06/13,30.45
24/06/13,28.89
25/06/13,29.4
26/06/13,28.45
27/06/13,28.45
28/06/13,29.1
01/07/13,29.49
02/07/13,28.5
03/07/13,28.39
04/07/13,29.47
05/07/13,28.7
08/07/13,28.39
10/07/13,28.97
11/07/13,30.32
12/07/13,29.84
15/07/13,30.13
16/07/13,31.23
17/07/13,31.84
18/07/13,31.65
19/07/13,30.9
22/07/13,31.41
23/07/13,32.02
24/07/13,31.91
25/07/13,32.26
26/07/13,32.26
29/07/13,31.84
30/07/13,31.06
31/07/13,31.02
01/08/13,31.33
02/08/13,31.25
05/08/13,31.55
06/08/13,31.31
07/08/13,32
08/08/13,33.18
09/08/13,34.75
12/08/13,35.5
13/08/13,35.61
14/08/13,35.78
15/08/13,36.15
16/08/13,36.6
19/08/13,36.41
20/08/13,35.38
21/08/13,35.01
22/08/13,36.26
23/08/13,36.12
26/08/13,35.9
27/08/13,35.27
28/08/13,34.84
29/08/13,33.1
30/08/13,33.51
02/09/13,34.68
03/09/13,32.38
04/09/13,32.52
05/09/13,32.51
06/09/13,32.41
09/09/13,33.38
10/09/13,34.19
11/09/13,33.55
12/09/13,33.38
13/09/13,32.97
16/09/13,32.87
17/09/13,32.96
18/09/13,33
19/09/13,32.86
20/09/13,32.22
23/09/13,32.53
24/09/13,32.02
25/09/13,32.29
26/09/13,32.52
27/09/13,31.76
30/09/13,31.13
01/10/13,31.17
02/10/13,31.17
03/10/13,30.75
04/10/13,31.07
07/10/13,30.79
08/10/13,30.36
09/10/13,29.99
10/10/13,30.22
11/10/13,30.51
14/10/13,31.92
15/10/13,32.19
16/10/13,32.01
17/10/13,32.39
18/10/13,32.42
21/10/13,32.82
22/10/13,33.3
23/10/13,32.52
24/10/13,32.52
25/10/13,32.54
28/10/13,32.76
29/10/13,32.6
30/10/13,32.49
31/10/13,33.17
01/11/13,34.23
04/11/13,35.16
05/11/13,35.1
06/11/13,35.69
07/11/13,34.54
08/11/13,34.1
11/11/13,34.28
12/11/13,33.2
13/11/13,32.96
14/11/13,33.29
18/11/13,33.63
19/11/13,33.03
21/11/13,32.49
22/11/13,32.78
25/11/13,32.15
26/11/13,31.12
27/11/13,31.77
28/11/13,32.66
29/11/13,33.28
02/12/13,32.85
03/12/13,32.55
04/12/13,32.68
05/12/13,33.06
06/12/13,32.99
09/12/13,33.31
10/12/13,32.86
11/12/13,32.19
12/12/13,32.05
13/12/13,31.85
16/12/13,31.91
17/12/13,31.79
18/12/13,31.89
19/12/13,32.57
20/12/13,31.96
23/12/13,32.06
26/12/13,32.2
27/12/13,32.94
30/12/13,33.13
02/01/14,32.3
03/01/14,31.37
06/01/14,31.63
07/01/14,30.85
08/01/14,31.06
09/01/14,29.96
10/01/14,29.92
13/01/14,29.73
14/01/14,29.71
15/01/14,30.11
16/01/14,30.46
17/01/14,30.14
20/01/14,29.49
21/01/14,28.84
22/01/14,29.51
23/01/14,28.13
24/01/14,28.42
27/01/14,28.3
28/01/14,28.88
29/01/14,30.1
30/01/14,29.56
31/01/14,30.06
03/02/14,29.22
04/02/14,29.71
05/02/14,30.47
06/02/14,31.16
07/02/14,30.97
10/02/14,30.6
11/02/14,31.37
12/02/14,31.34
13/02/14,31.21
14/02/14,31.69
17/02/14,31.37
18/02/14,31.44
19/02/14,31.76
20/02/14,31.4
21/02/14,31.48
24/02/14,30.62
25/02/14,29.57
26/02/14,29.58
27/02/14,30.02
28/02/14,30.01
05/03/14,28.97
06/03/14,28.88
07/03/14,27.79
10/03/14,27.32
11/03/14,26.88
12/03/14,27.38
13/03/14,26.65
14/03/14,26.61
17/03/14,26.66
18/03/14,27.11
19/03/14,26.93
20/03/14,27.18
21/03/14,27.68
24/03/14,27.81
25/03/14,28.03
26/03/14,27.71
27/03/14,28.29
28/03/14,28.2
31/03/14,28.58
01/04/14,28.52
02/04/14,29.59
03/04/14,29.93
04/04/14,29.54
07/04/14,30.32
08/04/14,30.25
09/04/14,30
10/04/14,29.83
11/04/14,29.99
14/04/14,29.91
15/04/14,28.93
16/04/14,29.06
17/04/14,29.59
22/04/14,28.72
23/04/14,28.32
24/04/14,28.79
25/04/14,28.35
28/04/14,27.67
29/04/14,27.85
30/04/14,27.49
02/05/14,28.24
05/05/14,28.15
06/05/14,27.88
07/05/14,28.02
08/05/14,27.56
09/05/14,27.32
12/05/14,28.61
13/05/14,28.66
14/05/14,29.35
15/05/14,29.08
16/05/14,28.43
19/05/14,27.56
20/05/14,26.99
21/05/14,27.01
22/05/14,27.43
23/05/14,27.36
26/05/14,27.68
27/05/14,27.2
28/05/14,27.2
29/05/14,27.43
30/05/14,26.56
02/06/14,27.25
03/06/14,26.98
04/06/14,27.04
05/06/14,26.91
06/06/14,27.46
09/06/14,27.71
10/06/14,27.53
11/06/14,27.71
13/06/14,26.74
16/06/14,26.57
17/06/14,26.6
18/06/14,26.98
20/06/14,26.9
23/06/14,27.22
24/06/14,26.85
25/06/14,26.8
26/06/14,27.43
27/06/14,27.17
30/06/14,27.34
01/07/14,27.72
02/07/14,28.46
03/07/14,29.02
04/07/14,29.19
07/07/14,28.8
08/07/14,28.81
10/07/14,28.8
11/07/14,28.71
14/07/14,28.86
15/07/14,29.04
16/07/14,29.85
17/07/14,29.44
18/07/14,29.41
21/07/14,29.51
22/07/14,29.8
23/07/14,29.67
24/07/14,30.24
25/07/14,30.28
28/07/14,30.69
29/07/14,30.78
30/07/14,30.13
31/07/14,30.44
01/08/14,29.71
04/08/14,30.05
05/08/14,29.57
06/08/14,29.73
07/08/14,29.55
08/08/14,29.56
11/08/14,29.77
12/08/14,29.93
13/08/14,29.3
14/08/14,28.6
15/08/14,28.99
18/08/14,29.21
19/08/14,29.22
20/08/14,29.71
21/08/14,29.51
22/08/14,29.33
25/08/14,29.15
26/08/14,29.01
27/08/14,28.69
28/08/14,27.43
29/08/14,27.23
01/09/14,27.07
02/09/14,26.88
03/09/14,27.12
04/09/14,26.82
05/09/14,26.42
08/09/14,26.27
09/09/14,26.75
10/09/14,26.56
11/09/14,26.52
12/09/14,26.76
15/09/14,27.22
16/09/14,27.26
17/09/14,27.17
18/09/14,27.2
19/09/14,26.48
22/09/14,25.51
23/09/14,25.76
24/09/14,25.84
25/09/14,25.57
26/09/14,25.22
29/09/14,24.82
30/09/14,25.11
01/10/14,25.09
02/10/14,25.82
03/10/14,25.43
06/10/14,25.56
07/10/14,25.62
08/10/14,25.59
09/10/14,25.15
10/10/14,24.55
13/10/14,25.7
14/10/14,26.47
15/10/14,26.46
16/10/14,25.6
17/10/14,25.83
20/10/14,25.56
21/10/14,25.96
22/10/14,25.96
23/10/14,26.44
24/10/14,26.63
27/10/14,25.56
28/10/14,25.36
29/10/14,24.02
30/10/14,22.99
31/10/14,24.25
03/11/14,24.16
04/11/14,23.39
05/11/14,23.28
06/11/14,22.94
07/11/14,23.3
10/11/14,22.6
11/11/14,21.9
12/11/14,21.85
13/11/14,21.79
14/11/14,22.31
17/11/14,22.25
18/11/14,21.37
19/11/14,21.5
21/11/14,22.89
24/11/14,22.99
25/11/14,23.25
26/11/14,22.35
27/11/14,22.29
28/11/14,22.6
01/12/14,21.56
02/12/14,21
03/12/14,21.3
04/12/14,21.02
05/12/14,21.23
08/12/14,20.55
09/12/14,20.08
10/12/14,19.34
11/12/14,18.79
12/12/14,18.35
15/12/14,18.13
16/12/14,18.77
17/12/14,19.12
18/12/14,19.36
19/12/14,20.93
22/12/14,20.73
23/12/14,21.56
26/12/14,21.03
29/12/14,21.45
30/12/14,21.26
02/01/15,20.64
05/01/15,20.33
06/01/15,21.15
07/01/15,21.93
08/01/15,22.16
09/01/15,21.68
12/01/15,21.96
13/01/15,21.84
14/01/15,20.08
15/01/15,20.32
16/01/15,21.23
19/01/15,21
20/01/15,21.09
21/01/15,21.42
22/01/15,21.26
23/01/15,19.91
26/01/15,19
27/01/15,18.43
28/01/15,18.38
29/01/15,17.51
30/01/15,18.05
02/02/15,19.15
03/02/15,20.25
04/02/15,19.94
05/02/15,19.84
06/02/15,19.81
09/02/15,20.95
10/02/15,19.79
11/02/15,20.47
12/02/15,20.94
13/02/15,21.81
18/02/15,22.03
19/02/15,21.44
20/02/15,21.95
23/02/15,20.97
24/02/15,21.38
25/02/15,21.48
26/02/15,20.62
27/02/15,20.62
02/03/15,19.95
03/03/15,20.17
04/03/15,19.78
05/03/15,18.92
06/03/15,19.01
09/03/15,18.96
10/03/15,18.53
11/03/15,18.3
12/03/15,18.3
13/03/15,18.32
16/03/15,18.34
17/03/15,19.29
18/03/15,19.01
19/03/15,18.58
20/03/15,19.65
23/03/15,19.77
24/03/15,19
25/03/15,19.17
26/03/15,18.36
27/03/15,17.8
30/03/15,18.06
31/03/15,17.4
01/04/15,17.02
02/04/15,17.46
06/04/15,17.59
07/04/15,18.43
08/04/15,18.19
09/04/15,18.24
10/04/15,17.87
13/04/15,17.7
14/04/15,18.19
15/04/15,18.23
16/04/15,17.7
17/04/15,17.45
20/04/15,17.38
22/04/15,19.07
23/04/15,20.67
24/04/15,22.74
27/04/15,23
28/04/15,22.11
29/04/15,20.69
30/04/15,22.2
04/05/15,24.29
05/05/15,26.53
06/05/15,24.44
07/05/15,23.41
08/05/15,22.3
11/05/15,22.82
12/05/15,21.89
13/05/15,21.17
14/05/15,20.91
15/05/15,20.86
18/05/15,19.84
19/05/15,19.72
20/05/15,19.46
21/05/15,19.85
22/05/15,19.86
25/05/15,20.16
26/05/15,20.38
27/05/15,20.54
28/05/15,20.14
29/05/15,19.66
01/06/15,19.65
02/06/15,20.93
03/06/15,20.48
05/06/15,20.19
08/06/15,19.7
09/06/15,19.59
10/06/15,20.79
11/06/15,20.91
12/06/15,20.74
15/06/15,19.94
16/06/15,19.36
17/06/15,19.09
18/06/15,20
19/06/15,19.92
22/06/15,19.3
23/06/15,19.42
24/06/15,19.41
25/06/15,18.94
26/06/15,19.23
29/06/15,18.82
30/06/15,17.93
01/07/15,17.75
02/07/15,17.71
03/07/15,17.33
06/07/15,17.3
07/07/15,17.58
08/07/15,16.82
10/07/15,16.77
13/07/15,18.14
14/07/15,17.47
15/07/15,16.77
16/07/15,17.29
17/07/15,17.11
20/07/15,16.97
21/07/15,17.2
22/07/15,16.95
23/07/15,16.98
24/07/15,16.46
27/07/15,16.43
28/07/15,17.73
29/07/15,17.99
30/07/15,17.11
31/07/15,17.52
03/08/15,17.24
04/08/15,17.74
05/08/15,18.64
06/08/15,19.19
07/08/15,18.06
10/08/15,18.97
11/08/15,18.23
12/08/15,18.55
13/08/15,18.12
14/08/15,17.84
17/08/15,17.66
18/08/15,17.08
19/08/15,16.51
20/08/15,16.83
21/08/15,16.37
24/08/15,15.1
25/08/15,15.05
26/08/15,15.59
27/08/15,17.34
28/08/15,16.97
31/08/15,17.57
01/09/15,16.76
02/09/15,17.75
03/09/15,18.36
04/09/15,17.88
08/09/15,18.56
09/09/15,18.68
10/09/15,19.55
11/09/15,19.07
14/09/15,18.77
15/09/15,18.23
16/09/15,18.66
17/09/15,19.11
18/09/15,19.52
21/09/15,19.54
22/09/15,19.08
23/09/15,18.53
24/09/15,18.09
25/09/15,17.58
28/09/15,16.26
29/09/15,16.16
30/09/15,16.25
01/10/15,16.88
02/10/15,17.47
05/10/15,17.78
06/10/15,17.95
07/10/15,19.75
08/10/15,19.66
09/10/15,20.38
13/10/15,18.21
14/10/15,18.33
15/10/15,18.6
16/10/15,18.42
19/10/15,17.8
20/10/15,17.61
21/10/15,18.09
22/10/15,18.51
23/10/15,18.6
26/10/15,17.86
27/10/15,17.03
28/10/15,16.57
29/10/15,16.14
30/10/15,17.06
03/11/15,17.75
04/11/15,17.4
05/11/15,16.95
06/11/15,15.67
09/11/15,15.44
10/11/15,15.38
11/11/15,15.32
12/11/15,15.05
13/11/15,15.37
16/11/15,15.05
17/11/15,14.52
18/11/15,14.59
19/11/15,14.64
23/11/15,14.25
24/11/15,14.47
25/11/15,14.06
26/11/15,14.19
27/11/15,13.3
30/11/15,13.17
01/12/15,12.84
02/12/15,12.94
03/12/15,12.87
04/12/15,12.35
07/12/15,12.21
08/12/15,11.65
09/12/15,12.08
10/12/15,12.67
11/12/15,12.21
14/12/15,12.46
15/12/15,12.88
16/12/15,13.25
17/12/15,12.74
18/12/15,12.89
21/12/15,12.29
22/12/15,12.55
23/12/15,13.22
28/12/15,12.64
29/12/15,12.72
30/12/15,13.03
04/01/16,12.69
05/01/16,12.52
06/01/16,11.6
07/01/16,10.91
08/01/16,10.54
11/01/16,10.24
12/01/16,9.41
13/01/16,9
14/01/16,9.65
15/01/16,9.37
18/01/16,8.89
19/01/16,9.18
20/01/16,9.21
21/01/16,9.14
22/01/16,9.03
26/01/16,8.95
27/01/16,9.41
28/01/16,9.33
29/01/16,9.72
01/02/16,9.5
02/02/16,8.6
03/02/16,9.01
04/02/16,10.34
05/02/16,10.23
10/02/16,10.2
11/02/16,9.87
12/02/16,10.25
15/02/16,10.51
16/02/16,11.29
17/02/16,11.91
18/02/16,11.51
19/02/16,11.83
22/02/16,13.14
23/02/16,12.38
24/02/16,11.71
25/02/16,11.02
26/02/16,11
29/02/16,11.81
01/03/16,12.81
02/03/16,14.22
03/03/16,15.62
04/03/16,16.55
07/03/16,17.58
08/03/16,15.03
09/03/16,14.5
10/03/16,14
11/03/16,13.87
14/03/16,13.44
15/03/16,13.48
16/03/16,14.82
17/03/16,15.5
18/03/16,15.33
21/03/16,15.15
22/03/16,15.43
23/03/16,14.12
24/03/16,15.05
28/03/16,15.17
29/03/16,15.09
30/03/16,15.54
31/03/16,15.15
01/04/16,15.51
04/04/16,14.79
05/04/16,15.29
06/04/16,15.07
07/04/16,15.01
08/04/16,16.24
11/04/16,16.97
12/04/16,18.74
13/04/16,19.57
14/04/16,18.2
15/04/16,18.6
18/04/16,19.05
19/04/16,20.46
20/04/16,21.76
22/04/16,19.33
25/04/16,18.06
26/04/16,18.69
27/04/16,19.45
28/04/16,19.79
29/04/16,19.69
02/05/16,19.87
03/05/16,18.66
04/05/16,17.4
05/05/16,16.66
06/05/16,16.88
09/05/16,15.23
10/05/16,15.87
11/05/16,15.94
12/05/16,15.44
13/05/16,14.68
16/05/16,14.93
17/05/16,15.13
18/05/16,14.71
19/05/16,14.89
20/05/16,14.13
23/05/16,14.44
24/05/16,14.02
25/05/16,14.62
27/05/16,14.29
30/05/16,14.28
31/05/16,14.22
01/06/16,14.43
02/06/16,14.95
03/06/16,16.24
06/06/16,16.89
07/06/16,16.57
08/06/16,17
09/06/16,15.7
10/06/16,14.95
13/06/16,15.2
14/06/16,14.63
15/06/16,15
16/06/16,15.23
17/06/16,15.28
20/06/16,15.57
21/06/16,15.6
22/06/16,15.85
23/06/16,16.59
24/06/16,15.21
27/06/16,14.8
28/06/16,15.46
29/06/16,15.71
30/06/16,16.27
01/07/16,16.62
04/07/16,16.97
05/07/16,16.06
06/07/16,16.29
07/07/16,16.02
08/07/16,16.19
11/07/16,16.86
12/07/16,17.69
13/07/16,17.82
14/07/16,17.35
15/07/16,17.34
18/07/16,17.58
19/07/16,16.84
20/07/16,16.51
21/07/16,17.4
22/07/16,17.15
25/07/16,17.42
26/07/16,18.42
27/07/16,18.92
28/07/16,19.04
29/07/16,18.5
01/08/16,17.9
02/08/16,17.99
03/08/16,18.82
04/08/16,18.76
05/08/16,18.97
08/08/16,18.98
09/08/16,18.99
10/08/16,18.09
11/08/16,18.41
12/08/16,17.96
15/08/16,18.43
16/08/16,18.98
17/08/16,19.12
18/08/16,18.92
19/08/16,19.08
22/08/16,18.38
23/08/16,18.75
24/08/16,18.15
25/08/16,18.18
26/08/16,17.71
29/08/16,18.1
30/08/16,17.65
31/08/16,16.94
01/09/16,17.44
02/09/16,18.24
05/09/16,17.9
06/09/16,18.27
08/09/16,17.79
09/09/16,16.86
12/09/16,17.49
13/09/16,16.27
14/09/16,16.64
15/09/16,16.64
16/09/16,16.41
19/09/16,16.66
20/09/16,16.7
21/09/16,17.65
22/09/16,17.55
23/09/16,17.65
26/09/16,17.44
27/09/16,17.6
28/09/16,18.19
29/09/16,17.99
30/09/16,17.81
03/10/16,18.1
04/10/16,17.65
05/10/16,17.86
06/10/16,17.8
07/10/16,18
10/10/16,19.05
11/10/16,18.6
13/10/16,17.75
14/10/16,18.02
17/10/16,18.24
18/10/16,18.77
19/10/16,18.62
20/10/16,19.1
21/10/16,19.91
24/10/16,20.3
25/10/16,21.35
26/10/16,21.77
27/10/16,22
28/10/16,22.14
31/10/16,22.08
01/11/16,22.3
03/11/16,21.96
04/11/16,21.61
07/11/16,23.13
08/11/16,23.97
09/11/16,25
10/11/16,26.87
11/11/16,25.98
14/11/16,26.46
16/11/16,25.15
17/11/16,24.74
18/11/16,24.57
21/11/16,25.68
22/11/16,27.61
23/11/16,28.01
24/11/16,27.43
25/11/16,28.73
28/11/16,30.83
29/11/16,29.01
30/11/16,27.9
01/12/16,28.3
02/12/16,29.49
05/12/16,29.6
06/12/16,30
07/12/16,31.03
08/12/16,30.13
09/12/16,29.61
12/12/16,29.49
13/12/16,28.33
14/12/16,27.88
15/12/16,28.23
16/12/16,27.75
19/12/16,26.05
20/12/16,26.58
21/12/16,26.48
22/12/16,25.38
23/12/16,25.19
26/12/16,25.99
27/12/16,25.86
28/12/16,26.68
29/12/16,25.68
02/01/17,25.06
03/01/17,26.17
04/01/17,25.7
05/01/17,26.68
06/01/17,25.97
09/01/17,26.5
10/01/17,28.54
11/01/17,29.13
12/01/17,30.07
13/01/17,30.99
16/01/17,31.82
17/01/17,30.57
18/01/17,32.11
19/01/17,31.47
20/01/17,32.1
23/01/17,33.31
24/01/17,34.13
26/01/17,33.6
27/01/17,33.7
30/01/17,32.25
31/01/17,32.18
01/02/17,32.89
02/02/17,32.66
03/02/17,30.61
06/02/17,29.92
07/02/17,30.24
08/02/17,30.59
09/02/17,31.08
10/02/17,32.8
13/02/17,35.81
14/02/17,34.4
15/02/17,33.82
16/02/17,33.77
17/02/17,34.07
20/02/17,33.52
21/02/17,32.7
22/02/17,31.92
23/02/17,30.52
24/02/17,30.11
01/03/17,30.52
02/03/17,28.95
03/03/17,29.28
06/03/17,28.62
07/03/17,28.45
08/03/17,27.71
09/03/17,27.77
10/03/17,27.28
13/03/17,28.53
14/03/17,28.68
15/03/17,30.66
16/03/17,29.93
17/03/17,28.8
20/03/17,29.1
21/03/17,26.72
22/03/17,27.05
23/03/17,26.91
24/03/17,26.68
27/03/17,27.04
28/03/17,27.43
29/03/17,27.71
30/03/17,27.7
31/03/17,27.41
03/04/17,27.15
04/04/17,28.2
05/04/17,27.1
06/04/17,26.6
07/04/17,26.82
10/04/17,26.71
11/04/17,26.37
12/04/17,25.23
13/04/17,25.23
17/04/17,25.24
18/04/17,24.48
19/04/17,24.54
20/04/17,25.81
24/04/17,26.1
25/04/17,26.96
26/04/17,26.37
27/04/17,25.51
28/04/17,26.12
02/05/17,26.68
03/05/17,25.03
04/05/17,24.1
05/05/17,24.77
08/05/17,24.75
09/05/17,25.2
10/05/17,25.25
11/05/17,25.03
12/05/17,24.64
15/05/17,25.34
16/05/17,25.92
17/05/17,25.52
18/05/17,25.54
19/05/17,25.91
22/05/17,26.55
23/05/17,26.87
24/05/17,26.17
25/05/17,26.34
26/05/17,26.49
29/05/17,26.68
30/05/17,27.19
31/05/17,25.83
01/06/17,25.36
02/06/17,25.46
05/06/17,25.19
06/06/17,25.27
07/06/17,25.15
08/06/17,25.69
09/06/17,25.96
12/06/17,25.52
13/06/17,25.07
14/06/17,24.82
16/06/17,24.3
19/06/17,25.09
20/06/17,24.45
21/06/17,25.17
22/06/17,25.69
23/06/17,25.9
26/06/17,26.12
27/06/17,26.55
28/06/17,27.37
29/06/17,27.48
30/06/17,27.57
03/07/17,28.19
04/07/17,28.16
05/07/17,27.51
06/07/17,27.5
07/07/17,27.47
10/07/17,28.25
11/07/17,28.56
12/07/17,28.43
13/07/17,27.75
14/07/17,28.07
17/07/17,28.26
18/07/17,28.43
19/07/17,28.43
20/07/17,27.31
21/07/17,27.1
24/07/17,27.7
25/07/17,29.11
26/07/17,28.2
27/07/17,28.24
28/07/17,28.85
31/07/17,29.76
01/08/17,29.53
02/08/17,29.58
03/08/17,29.17
04/08/17,29.69
07/08/17,30.83
08/08/17,30.47
09/08/17,30.35
10/08/17,29.95
11/08/17,29.29
14/08/17,29.76
15/08/17,29.59
16/08/17,30.17
17/08/17,29.67
18/08/17,30
21/08/17,30.19
22/08/17,30.29
23/08/17,30.94
24/08/17,32.21
25/08/17,32.17
28/08/17,32.67
29/08/17,32.75
30/08/17,32.65
31/08/17,33.36
01/09/17,33.92
04/09/17,34.33
05/09/17,33.85
06/09/17,34.04
08/09/17,32.78
11/09/17,33.37
12/09/17,33.53
13/09/17,33.06
14/09/17,31.97
15/09/17,32.14
18/09/17,32.57
19/09/17,32.25
20/09/17,31.54
21/09/17,30.91
22/09/17,30.34
25/09/17,29.56
26/09/17,29.95
27/09/17,30.36
28/09/17,30.19
29/09/17,30.3
02/10/17,30.33
03/10/17,31.07
04/10/17,31.01
05/10/17,30.68
06/10/17,30.56
09/10/17,29.95
10/10/17,29.78
11/10/17,29.57
13/10/17,31.29
16/10/17,31.71
17/10/17,30.98
18/10/17,30.68
19/10/17,31.38
20/10/17,31.33
23/10/17,31.1
24/10/17,32.17
25/10/17,31.9
26/10/17,31.06
27/10/17,30.95
30/10/17,30.76
31/10/17,30.52
01/11/17,31.21
03/11/17,31.89
06/11/17,32.65
07/11/17,31.87
08/11/17,32.27
09/11/17,31.19
10/11/17,31.16
13/11/17,31.51
14/11/17,30.58
16/11/17,31
17/11/17,31.3
21/11/17,32.38
22/11/17,33.03
23/11/17,33.47
24/11/17,34.03
27/11/17,33.67
28/11/17,34.47
29/11/17,33.95
30/11/17,33.41
01/12/17,33.74
04/12/17,35.02
05/12/17,34.25
06/12/17,34
07/12/17,33.6
08/12/17,33.74
11/12/17,34
12/12/17,34.4
13/12/17,34.33
14/12/17,34.46
15/12/17,35.08
18/12/17,35.98
19/12/17,35.99
20/12/17,37.23
21/12/17,37.78
22/12/17,38.24
26/12/17,38.3
27/12/17,38.31
28/12/17,38.69
02/01/18,40.1
03/01/18,39.86
04/01/18,40.02
05/01/18,40.64
08/01/18,41.55
09/01/18,41.39
10/01/18,40.82
11/01/18,41.61
12/01/18,41.85
15/01/18,41.78
16/01/18,40.65
17/01/18,41.47
18/01/18,41.19
19/01/18,41.21
22/01/18,40.99
23/01/18,39.28
24/01/18,40.15
26/01/18,39.82
29/01/18,40.26
30/01/18,39.86
31/01/18,39.84
01/02/18,40.16
02/02/18,39.21
05/02/18,38.78
06/02/18,40.82
07/02/18,40.09
08/02/18,39.97
09/02/18,40.36
14/02/18,42.78
15/02/18,44.16
16/02/18,44.24
19/02/18,44.64
20/02/18,43.74
21/02/18,43.06
22/02/18,43.89
23/02/18,44.29
26/02/18,45.55
27/02/18,45.49
28/02/18,43.3
01/03/18,42.72
02/03/18,42.05
05/03/18,42
06/03/18,41.8
07/03/18,41.65
08/03/18,40.3
09/03/18,40.92
12/03/18,41.27
13/03/18,40.95
14/03/18,41.41
15/03/18,41.21
16/03/18,41.12
19/03/18,39.95
20/03/18,40.43
21/03/18,41.31
22/03/18,40.76
23/03/18,40.43
26/03/18,40.82
27/03/18,39.72
28/03/18,40.38
29/03/18,41.03
02/04/18,41.8
03/04/18,41.67
04/04/18,41.36
05/04/18,42.04
06/04/18,41.54
09/04/18,41.75
10/04/18,43.58
11/04/18,43.39
12/04/18,43.55
13/04/18,43.72
16/04/18,43.29
17/04/18,44.64
18/04/18,46.15
19/04/18,46.49
20/04/18,46.3
23/04/18,46.17
24/04/18,46.96
25/04/18,46.61
26/04/18,47.34
27/04/18,47
30/04/18,47.31
02/05/18,47.35
03/05/18,47.71
04/05/18,48.31
07/05/18,47.86
08/05/18,47.81
09/05/18,48.84
10/05/18,49.96
11/05/18,51.16
14/05/18,52.75
15/05/18,53.12
16/05/18,54.33
17/05/18,53.83
18/05/18,53.24
21/05/18,51.52
22/05/18,50.87
23/05/18,50.48
24/05/18,50.99
25/05/18,50.04
28/05/18,49.64
29/05/18,48.75
30/05/18,49.21
01/06/18,51.28
04/06/18,51.05
05/06/18,52.22
06/06/18,54.5
07/06/18,52.85
08/06/18,49.46
11/06/18,49.43
12/06/18,50.25
13/06/18,50.11
14/06/18,50.26
15/06/18,47.75
18/06/18,47.83
19/06/18,46.95
20/06/18,47.44
21/06/18,45.89
22/06/18,46.66
25/06/18,45.84
26/06/18,46.99
27/06/18,46.8
28/06/18,47.7
29/06/18,48.2
02/07/18,47.39
03/07/18,46.62
04/07/18,46.68
05/07/18,48.31
06/07/18,48.93
10/07/18,48.14
11/07/18,47.49
12/07/18,49.04
13/07/18,48.9
16/07/18,48.6
17/07/18,49.28
18/07/18,50.01
19/07/18,48.05
20/07/18,47.36
23/07/18,48.21
24/07/18,49.87
25/07/18,50.3
26/07/18,51.3
27/07/18,51.95
30/07/18,52.81
31/07/18,53.3
01/08/18,51.57
02/08/18,51.36
03/08/18,52.55
06/08/18,52.4
07/08/18,52.75
08/08/18,52.4
09/08/18,51.84
10/08/18,51.71
13/08/18,52.28
14/08/18,52.76
15/08/18,50.41
16/08/18,49.72
17/08/18,50.8
20/08/18,51.44
21/08/18,51.73
22/08/18,53.3
23/08/18,53.35
24/08/18,54.15
27/08/18,55.67
28/08/18,55.65
29/08/18,55.22
30/08/18,54.57
31/08/18,53.62
03/09/18,54.05
04/09/18,52
05/09/18,52.15
06/09/18,53.48
10/09/18,53.22
11/09/18,52.59
12/09/18,53.45
13/09/18,53.78
14/09/18,55.2
17/09/18,55.04
18/09/18,57.34
19/09/18,58.58
20/09/18,59.32
21/09/18,61.01
24/09/18,60.2
25/09/18,62.2
26/09/18,60.01
27/09/18,59.48
28/09/18,59.82
01/10/18,60.4
02/10/18,61.2
03/10/18,59.95
04/10/18,58.8
05/10/18,57.49
08/10/18,57.05
09/10/18,57.66
10/10/18,55.89
11/10/18,56.48
15/10/18,57.67
16/10/18,57.7
17/10/18,58.8
18/10/18,56.5
19/10/18,56.53
22/10/18,58.37
23/10/18,56.75
24/10/18,54.43
25/10/18,54.61
26/10/18,55.6
29/10/18,53.1
30/10/18,53.87
31/10/18,56.71
01/11/18,57.5
05/11/18,57.53
06/11/18,57.23
07/11/18,57.59
08/11/18,57.02
09/11/18,54.65
12/11/18,54.85
13/11/18,56.27
14/11/18,55.16
16/11/18,56.15
19/11/18,55.37
21/11/18,54.53
22/11/18,54.04
23/11/18,50.35
26/11/18,50.12
27/11/18,49.92
28/11/18,52.3
29/11/18,52
30/11/18,52.8
03/12/18,54.11
04/12/18,52.88
05/12/18,52.8
06/12/18,52.3
07/12/18,51.29
10/12/18,50.2
11/12/18,50.6
12/12/18,50.37
13/12/18,50.6
14/12/18,50.88
17/12/18,51.25
18/12/18,51.44
19/12/18,50.01
20/12/18,49.81
21/12/18,50.86
26/12/18,50.44
27/12/18,49.5
28/12/18,51
02/01/19,51.09
03/01/19,49
04/01/19,52.19
07/01/19,51.91
08/01/19,52.41
09/01/19,53.69
10/01/19,53.1
11/01/19,52.38
14/01/19,52.6
15/01/19,52.35
16/01/19,52.65
17/01/19,54.23
18/01/19,54.76
21/01/19,55.28
22/01/19,55.08
23/01/19,55.65
24/01/19,56.15
28/01/19,42.38
29/01/19,42.74
30/01/19,46.6
31/01/19,45.5
01/02/19,46.25
04/02/19,44.68
05/02/19,44.64
06/02/19,42.46
07/02/19,41.59
08/02/19,43.16
11/02/19,42.02
12/02/19,44.3
13/02/19,45.49
14/02/19,45.66
15/02/19,45.88
18/02/19,45.25
19/02/19,45.49
20/02/19,45.8
21/02/19,45.38
22/02/19,46.99
25/02/19,47.12
26/02/19,47.2
27/02/19,46.83
28/02/19,47.1
01/03/19,46.74
06/03/19,48.05
07/03/19,48.86
08/03/19,48.85
11/03/19,49.88
12/03/19,49.97
13/03/19,50.7
14/03/19,50.71
15/03/19,50.55
18/03/19,50.46
19/03/19,51.9
20/03/19,50.56
21/03/19,50.89
22/03/19,50.05
25/03/19,49.55
26/03/19,50.28
27/03/19,49.6
28/03/19,49.3
29/03/19,50.93
01/04/19,52.6
02/04/19,51.63
03/04/19,51.78
04/04/19,52.16
05/04/19,51.98
08/04/19,53.39
09/04/19,52.35
10/04/19,51.76
11/04/19,51.79
12/04/19,51.48
15/04/19,51.33
16/04/19,53.1
17/04/19,52.25
18/04/19,52.58
22/04/19,51.3
23/04/19,51.92
24/04/19,50.36
25/04/19,50.33
26/04/19,50.42
29/04/19,50.25
30/04/19,50.1
02/05/19,48.94
03/05/19,50.4
06/05/19,49.66
07/05/19,49.7
08/05/19,49
09/05/19,48.54
10/05/19,49.46
13/05/19,47.43
14/05/19,47.59
15/05/19,47.95
16/05/19,46.4
17/05/19,47.72
20/05/19,46.75
21/05/19,47.41
22/05/19,47.46
23/05/19,47.82
24/05/19,48.31
27/05/19,50.19
28/05/19,50.25
29/05/19,49.7
30/05/19,50.01
31/05/19,49
03/06/19,48.83
04/06/19,49.11
05/06/19,48.39
06/06/19,48.8
07/06/19,48.66
10/06/19,48.34
11/06/19,51.43
12/06/19,51.49
13/06/19,51.85
14/06/19,51.4
17/06/19,50.2
18/06/19,52
19/06/19,52.3
21/06/19,52.44
24/06/19,52.4
25/06/19,51.38
26/06/19,51.58
27/06/19,51.7
28/06/19,51.82
01/07/19,53.65
02/07/19,51.39
03/07/19,51.29
04/07/19,51.67
05/07/19,50.36
08/07/19,50.95
10/07/19,52.13
11/07/19,52.05
12/07/19,51.81
15/07/19,52.69
16/07/19,53.05
17/07/19,52.69
18/07/19,52.59
19/07/19,52.72
22/07/19,52.45
23/07/19,51.76
24/07/19,50.65
25/07/19,50.49
26/07/19,50.23
29/07/19,50.26
30/07/19,50.01
31/07/19,49.81
01/08/19,48.4
02/08/19,47.84
05/08/19,46
06/08/19,46.62
07/08/19,46.48
08/08/19,47.18
09/08/19,45.49
12/08/19,45.16
13/08/19,46.5
14/08/19,44.88
15/08/19,43.89
16/08/19,43.69
19/08/19,43.65
20/08/19,43.84
21/08/19,44.15
22/08/19,43.89
23/08/19,43.28
26/08/19,42.8
27/08/19,43.32
28/08/19,43.48
29/08/19,45.1
30/08/19,45.57
02/09/19,46.01
03/09/19,45.52
04/09/19,46.52
05/09/19,46.52
06/09/19,46.45
09/09/19,47.89
10/09/19,48.24
11/09/19,47.95
12/09/19,49.69
13/09/19,49.79
16/09/19,48.59
17/09/19,48.9
18/09/19,48.4
19/09/19,48.32
20/09/19,48.42
23/09/19,48.1
24/09/19,46.93
25/09/19,47.86
26/09/19,47.86
27/09/19,47.66
30/09/19,47.75
01/10/19,47.71
02/10/19,45.1
03/10/19,45.44
04/10/19,46.59
07/10/19,46.04
08/10/19,45.32
09/10/19,45.67
10/10/19,47.24
11/10/19,48.64
14/10/19,47.99
15/10/19,47.91
16/10/19,46.8
17/10/19,46.71
18/10/19,46.03
21/10/19,47.21
22/10/19,47.3
23/10/19,47.11
24/10/19,46.75
25/10/19,48.56
28/10/19,48.7
29/10/19,48.65
30/10/19,48.59
31/10/19,47.2
01/11/19,48.44
04/11/19,49.82
05/11/19,49.87
06/11/19,49.69
07/11/19,50.11
08/11/19,49.18
11/11/19,48.13
12/11/19,47.9
13/11/19,47.12
14/11/19,47
18/11/19,47.61
19/11/19,48.17
21/11/19,48.42
22/11/19,50.03
25/11/19,50.86
26/11/19,51.22
27/11/19,50.58
28/11/19,50.37
29/11/19,49.98
02/12/19,51.34
03/12/19,50.42
04/12/19,50.92
05/12/19,50.95
06/12/19,51.35
09/12/19,51.44
10/12/19,51.2
11/12/19,51.83
12/12/19,52.95
13/12/19,52.37
16/12/19,51.96
17/12/19,51.97
18/12/19,52.09
19/12/19,52.61
20/12/19,53.38
23/12/19,53.17
26/12/19,53.38
27/12/19,53.6
30/12/19,53.3
02/01/20,54.33
03/01/20,53.93
06/01/20,53.61
07/01/20,54
08/01/20,54.01
09/01/20,53.3
10/01/20,53.36
13/01/20,55.3
14/01/20,55.64
15/01/20,55.46
16/01/20,55.17
17/01/20,57
20/01/20,57.36
21/01/20,56.03
22/01/20,56.3
23/01/20,55.5
24/01/20,53.8
27/01/20,50.51
28/01/20,51.2
29/01/20,50.75
30/01/20,51.5
31/01/20,50.27
03/02/20,50.91
04/02/20,52.27
05/02/20,52.99
06/02/20,53.28
07/02/20,52.1
10/02/20,50.19
11/02/20,52.05
12/02/20,53.07
13/02/20,52.14
14/02/20,51
17/02/20,53.41
18/02/20,52.8
19/02/20,52.81
20/02/20,52.2
21/02/20,50.13
26/02/20,45.35
27/02/20,44.47
28/02/20,44.31
02/03/20,46.36
03/03/20,46.35
04/03/20,48.57
05/03/20,46.85
06/03/20,44.61
09/03/20,37.83
10/03/20,44.81
11/03/20,40.74
12/03/20,35.35
13/03/20,42.9
16/03/20,39.04
17/03/20,41.51
18/03/20,38.65
19/03/20,36.4
20/03/20,35.19
23/03/20,34.1
24/03/20,37.64
25/03/20,40.85
26/03/20,42
27/03/20,40.1
30/03/20,41.77
31/03/20,43.22
01/04/20,43.37
02/04/20,42.78
03/04/20,40.5
06/04/20,43.13
07/04/20,43.78
08/04/20,43.51
09/04/20,43.28
13/04/20,44.57
14/04/20,44.53
15/04/20,43.19
16/04/20,42.76
17/04/20,44
20/04/20,42.46
22/04/20,42.9
23/04/20,43.51
24/04/20,43.76
27/04/20,44.55
28/04/20,44.61
29/04/20,46.73
30/04/20,44.86
04/05/20,43.93
05/05/20,43.7
06/05/20,44.33
07/05/20,46.05
08/05/20,48.85
11/05/20,47.73
12/05/20,47.46
13/05/20,48.54
14/05/20,48.09
15/05/20,48.05
18/05/20,51.26
19/05/20,52.44
20/05/20,52.5
21/05/20,51.13
22/05/20,50.27
25/05/20,50.1
26/05/20,49.2
27/05/20,50.64
28/05/20,50.09
29/05/20,53
01/06/20,53.42
02/06/20,53.42
03/06/20,53.66
04/06/20,55.66
05/06/20,54.61
08/06/20,54.78
09/06/20,54.99
10/06/20,54.2
12/06/20,53.4
15/06/20,53.88
16/06/20,55.39
17/06/20,56.2
18/06/20,56.17
19/06/20,55.17
22/06/20,55
23/06/20,55.59
24/06/20,55.39
25/06/20,56
26/06/20,55.62
29/06/20,55.63
30/06/20,55.92
01/07/20,54.54
02/07/20,55.49
03/07/20,55.26
06/07/20,56.57
07/07/20,56.37
08/07/20,57.32
09/07/20,56.42
10/07/20,56.97
13/07/20,57.65
14/07/20,61.7
15/07/20,61.79
16/07/20,60.12
17/07/20,61.04
20/07/20,60.8
21/07/20,59.7
22/07/20,59.24
23/07/20,58.85
24/07/20,58.6
27/07/20,61.37
28/07/20,60.34
29/07/20,62.95
30/07/20,61.27
31/07/20,60.71
03/08/20,60.26
04/08/20,60.7
05/08/20,62.19
06/08/20,61.83
07/08/20,60.45
10/08/20,62.2
11/08/20,60.28
12/08/20,61.5
13/08/20,60.35
14/08/20,61.35
17/08/20,62.23
18/08/20,63.06
19/08/20,62.39
20/08/20,62.95
21/08/20,62.2
24/08/20,62.96
25/08/20,61.62
26/08/20,61.75
27/08/20,60.79
28/08/20,61.1
